"brand","screensize_category","screen_technology","energy_consumption_kWh/year","star_rating"
"HISENSE","55""","LCD (LED)",378,4.5
"Kogan","43""","LCD (LED)",188,5.5
"BAUHN","65""","LCD",345,6
"HISENSE","70""","LCD (LED)",422,6
"kogan","65""","LCD (LED)",348,6
"Concentric Care","24""","LCD (LED)",110,3.5
"JVC","55""","LCD (LED)",270,6
"kogan","42""","LCD (LED)",155,6
"kogan","82""","LCD (LED)",733,4.5
"EKO","55""","LCD (LED)",370,4.5
"Caixun","24""","LCD (LED)",68,6
"kogan","55""","LCD (LED)",441,3.5
"HISENSE","50""","LCD (LED)",284,5
"PHILIPS","32""","LCD (LED)",146,4.5
"Sony","32""","LCD (LED)",109,5.5
"Linsar","65""","LCD",360,6
"EKO","58""","LCD (LED)",298,6
"BLAUPUNKT","50""","LCD (LED)",315,4.5
"EKO","55""","LCD (LED)",260,6
"EKO","75""","LCD (LED)",760,4
"BLAUPUNKT","55""","LCD (LED)",330,5
"PHILIPS","70""","LCD",516,5
"PHILIPS","43""","LCD (LED)",206,5
"PHILIPS","55""","OLED",654,2
"Hitachi","75""","LCD",485,6
"BAUHN","50""","LCD",220,6
"PHILIPS","65""","LCD",813,2.5
"PHILIPS","75""","LCD",478,6
"KOGAN","75""","LCD (LED)",475,6
"KOGAN","70""","LCD (LED)",660,4
"kogan","70""","LCD (LED)",532,5
"Caixun","32""","LCD (LED)",119,5
"KOGAN","65""","LCD (LED)",520,4.5
"SONIQ","42""","LCD (LED)",193,5
"HYUNDAI","75""","LCD (LED)",750,4
"TEAC","75""","LCD (LED)",750,4
"KOGAN","55""","LCD (LED)",260,6
"DEVANTi","50""","LCD (LED)",276,5
"LG","32""","LCD (LED)",114,5.5
"LG","43""","LCD (LED)",180,5.5
"kogan","65""","LCD (LED)",536,4
"Sony","55""","LCD (LED)",475,3.5
"Sony","65""","LCD (LED)",543,4
"BLAUPUNKT","70""","LCD (LED)",640,4
"KOGAN","50""","LCD (LED)",290,4.5
"AIWA","65""","LCD (LED)",499,4.5
"BAUHN","55""","LCD (LED)",267,6
"Viano","24""","LCD (LED)",76,5.5
"Viano","50""","LCD (LED)",352,4
"BLAUPUNKT","61""","LCD (LED)",405,5
"LG","50""","LCD (LED)",331,4
"BLAUPUNKT","58""","LCD (LED)",468,4
"LG","50""","LCD (LED)",331,4
"LG","50""","LCD (LED)",295,4.5
"LG","55""","LCD (LED)",346,4.5
"LG","55""","LCD (LED)",346,4.5
"EKO","75""","LCD (LED)",720,4
"LG","55""","LCD (LED)",415,4
"LG","55""","LCD (LED)",357,4.5
"LG","55""","LCD (LED)",357,4.5
"LG","65""","LCD (LED)",433,5
"LG","65""","LCD (LED)",433,5
"LG","75""","LCD (LED)",503,5.5
"LG","75""","LCD (LED)",503,5.5
"LG","75""","LCD (LED)",616,4.5
"LG","75""","LCD (LED)",616,4.5
"LG","86""","LCD (LED)",937,4
"LG","86""","LCD (LED)",937,4
"LG","55""","OLED",389,4
"LG","55""","OLED",400,4
"LG","55""","OLED",400,4
"LG","65""","OLED",459,5
"LG","65""","OLED",477,4.5
"LG","65""","OLED",477,4.5
"LG","77""","OLED",638,5
"LG","77""","OLED",638,5
"LG","65""","LCD (LED)",572,4
"LG","65""","LCD (LED)",572,4
"LG","75""","LCD (LED)",539,5.5
"LG","75""","LCD (LED)",539,5.5
"AIWA","55""","LCD",320,5
"PHILIPS","70""","LCD (LED)",528,5
"PHILIPS","75""","LCD (LED)",587,5
"THOMSON","43""","LCD (LED)",149,6
"KOGAN","25""","LCD",100,4
"PHILIPS","86""","LCD (LED)",882,4.5
"PHILIPS","65""","LCD (LED)",464,5
"PHILIPS","55""","LCD (LED)",370,4.5
"LG","86""","LCD (LED)",937,4
"LG","86""","LCD (LED)",937,4
"LG","86""","LCD (LED)",915,4
"LG","86""","LCD (LED)",915,4
"LG","55""","OLED",408,4
"LG","55""","OLED",408,4
"LG","65""","OLED",481,4.5
"LG","65""","OLED",481,4.5
"LG","43""","LCD (LED)",280,3.5
"LG","43""","LCD (LED)",280,3.5
"LG","50""","LCD (LED)",287,4.5
"LG","50""","LCD (LED)",287,4.5
"LG","65""","LCD (LED)",448,5
"LG","65""","LCD (LED)",448,5
"LG","70""","LCD (LED)",565,4.5
"LG","75""","LCD (LED)",605,5
"LG","43""","LCD (LED)",287,3.5
"LG","50""","LCD (LED)",342,4
"LG","55""","LCD (LED)",422,4
"LG","65""","LCD (LED)",1054,1
"LG","65""","LCD (LED)",528,4
"LG","75""","LCD (LED)",732,4
"LG","75""","LCD (LED)",732,4
"LG","75""","LCD (LED)",619,4.5
"LG","82""","LCD (LED)",773,4.5
"LG","48""","OLED",327,4
"LG","48""","OLED",327,4
"ELITELUX","58""","LCD (LED)",343,5
"JVC","58""","LCD (LED)",357,5
"LG","86""","LCD (LED)",915,4
"LG","86""","LCD (LED)",915,4
"LG","77""","OLED",619,5
"LG","77""","OLED",619,5
"LG","50""","LCD (LED)",269,5
"LG","50""","LCD (LED)",269,5
"LG","55""","LCD (LED)",335,5
"LG","55""","LCD (LED)",335,5
"LG","65""","LCD (LED)",404,5.5
"LG","65""","LCD (LED)",404,5.5
"LG","65""","LCD (LED)",707,3
"LG","65""","LCD (LED)",707,3
"KOGAN","50""","LCD (LED)",260,5
"LG","75""","LCD (LED)",619,4.5
"LG","43""","LCD (LED)",287,3.5
"LG","50""","LCD (LED)",342,4
"LG","55""","LCD (LED)",411,4
"LG","55""","LCD (LED)",411,4
"LG","55""","LCD (LED)",422,4
"LG","65""","LCD (LED)",528,4
"LG","75""","LCD (LED)",1174,2
"Kogan","24""","LCD (LED)",77,5
"TEAC","32""","LCD",127,5
"BAUHN","24""","LCD (LED)",67,6
"PHILIPS","65""","LCD (LED)",399,5.5
"PHILIPS","50""","LCD (LED)",262,5
"PHILIPS","65""","LCD (LED)",379,5.5
"PHILIPS","50""","LCD (LED)",266,5
"Samsung","85""","LCD (LED)",645,5.5
"Samsung","43""","LCD (LED)",255,4
"Samsung","65""","LCD (LED)",558,4
"PHILIPS","58""","LCD (LED)",322,5.5
"PHILIPS","55""","LCD (LED)",319,5
"LG","65""","LCD (LED)",528,4
"LG","65""","LCD (LED)",528,4
"LG","65""","LCD (LED)",528,4
"LG","65""","LCD (LED)",532,4
"LG","70""","LCD (LED)",590,4.5
"LG","75""","LCD (LED)",667,4.5
"LG","75""","LCD (LED)",667,4.5
"LG","75""","LCD (LED)",627,4.5
"LG","43""","LCD (LED)",291,3.5
"LG","43""","LCD (LED)",291,3.5
"LG","43""","LCD (LED)",291,3.5
"LG","50""","LCD (LED)",331,4
"LG","55""","LCD (LED)",411,4
"Sony","43""","LCD (LED)",243,4
"TECO","19""","LCD (LED)",75,4
"TECO","19""","LCD (LED)",75,4
"TECO","24""","LCD (LED)",70,5.5
"TECO","32""","LCD (LED)",140,4.5
"Samsung","50""","LCD (LED)",291,4.5
"Samsung","55""","LCD (LED)",565,2.5
"Samsung","65""","LCD (LED)",565,4
"SONIQ","50""","LCD",311,4.5
"Samsung","43""","LCD (LED)",339,3
"Samsung","50""","LCD (LED)",353,4
"Samsung","55""","LCD (LED)",503,3
"Samsung","75""","LCD (LED)",686,4
"TECO","22""","LCD (LED)",76,4.5
"Samsung","85""","LCD (LED)",806,4.5
"Samsung","50""","LCD (LED)",339,4
"Samsung","55""","LCD (LED)",412,4
"SONIQ","58""","LCD",337,5
"SONIQ","66""","LCD",391,6
"PHILIPS","32""","LCD (LED)",114,5.5
"PHILIPS","43""","LCD (LED)",170,6
"PHILIPS","43""","LCD (LED)",226,4.5
"PHILIPS","43""","LCD",234,4.5
"LG","55""","OLED",342,4.5
"LG","55""","OLED",342,4.5
"LG","65""","OLED",433,5
"LG","65""","OLED",433,5
"LG","65""","OLED",565,4
"LG","77""","OLED",995,3
"LG","88""","OLED",1170,3
"AKAI","55""","LCD (LED)",267,6
"kogan","50""","LCD",313,4.5
"Sony","75""","LCD (LED)",717,4
"JVC","58""","LCD",468,4
"LG","86""","LCD (LED)",1660,1.5
"HISENSE","75""","LCD (LED)",1060,2.5
"AIWA","40""","LCD (LED)",148,6
"AIWA","50""","LCD (LED)",265,5
"AIWA","32""","LCD (LED)",104,6
"EKO","58""","LCD (LED)",357,5
"KOGAN","58""","LCD (LED)",336,5.5
"Samsung","85""","LCD (LED)",729,5
"Samsung","61""","LCD (LED)",430,4.5
"Samsung","43""","LCD (LED)",364,2.5
"Samsung","75""","LCD (LED)",1448,1
"Samsung","65""","LCD (LED)",1127,1
"Samsung","85""","LCD (LED)",1609,1.5
"Samsung","85""","LCD (LED)",1448,2
"Samsung","75""","LCD (LED)",1229,1.5
"Samsung","65""","LCD (LED)",1087,1
"Samsung","55""","LCD (LED)",485,3
"Samsung","55""","LCD (LED)",543,2.5
"Samsung","85""","LCD (LED)",704,5
"Samsung","75""","LCD (LED)",605,5
"Samsung","50""","LCD (LED)",397,3.5
"Samsung","75""","LCD (LED)",726,4
"Samsung","43""","LCD (LED)",255,4
"Samsung","50""","LCD (LED)",335,4
"Samsung","55""","LCD (LED)",310,5
"Samsung","58""","LCD (LED)",346,5
"Samsung","65""","LCD (LED)",426,5
"Samsung","75""","LCD (LED)",525,5.5
"AKAI","65""","LCD (LED)",362,6
"Sony","65""","LCD (LED)",514,4.5
"Polaroid","55""","LCD",294,5.5
"Sony","55""","LCD (LED)",454,3.5
"Sony","65""","LCD (LED)",553,4
"Sony","77""","LCD (LED)",693,4.5
"Sony","50""","LCD (LED)",421,3
"Sony","55""","LCD (LED)",487,3
"Sony","65""","LCD (LED)",590,3.5
"Sony","75""","LCD (LED)",715,4
"SONIQ","42""","LCD",178,5.5
"SONIQ","65""","LCD",490,4.5
"BLAUPUNKT","58""","LCD (LED)",468,4
"BLAUPUNKT","58""","LCD (LED)",298,6
"BLAUPUNKT","65""","LCD (LED)",370,6
"BLAUPUNKT","65""","LCD (LED)",580,4
"BLAUPUNKT","75""","LCD (LED)",758,4
"BLAUPUNKT","75""","LCD (LED)",485,6
"kogan","65""","LCD",382,5.5
"Sony","85""","LCD (LED)",1520,2
"DGTEC","65""","LCD (LED)",362,6
"Samsung","65""","LCD (LED)",744,2.5
"Samsung","50""","LCD (LED)",335,4
"EKO","75""","LCD (LED)",760,4
"EKO","58""","LCD (LED)",370,5
"EKO","65""","LCD (LED)",485,4.5
"BLAUPUNKT","58""","LCD (LED)",370,5
"JVC","32""","LCD (LED)",130,5
"BAUHN","58""","LCD (LED)",301,6
"JVC","43""","LCD (LED)",235,4.5
"JVC","58""","LCD (LED)",468,4
"JVC","65""","LCD (LED)",580,4
"LG","55""","OLED",389,4
"LG","65""","OLED",459,5
"LG","83""","OLED",732,5
"LG","83""","OLED",732,5
"Samsung","85""","LCD (LED)",945,4
"BAUHN","70""","LCD",405,6
"Samsung","55""","LCD (LED)",313,5
"Samsung","65""","LCD (LED)",430,5
"Samsung","55""","LCD (LED)",412,4
"Samsung","65""","LCD (LED)",543,4
"Samsung","65""","LCD (LED)",744,2.5
"Samsung","75""","LCD (LED)",536,5.5
"Samsung","75""","LCD (LED)",624,4.5
"Samsung","43""","LCD (LED)",259,4
"LG","48""","OLED",280,4.5
"LG","48""","OLED",280,4.5
"Samsung","50""","LCD (LED)",470,2.5
"KOGAN","65""","LCD (LED)",385,5.5
"Samsung","43""","LCD (LED)",255,4
"Samsung","50""","LCD (LED)",335,4
"TEAC","75""","LCD (LED)",750,4
"Samsung","55""","LCD (LED)",310,5
"Samsung","65""","LCD (LED)",426,5
"Samsung","75""","LCD (LED)",525,5.5
"HYUNDAI","75""","LCD (LED)",750,4
"BLAUPUNKT","58""","LCD (LED)",370,5
"Samsung","50""","LCD (LED)",339,4
"Samsung","55""","LCD (LED)",408,4
"Samsung","65""","LCD (LED)",430,5
"Samsung","75""","LCD (LED)",569,5
"KOGAN","55""","LCD (LED)",330,5
"Sony","43""","LCD (LED)",293,3.5
"Sony","55""","LCD (LED)",440,3.5
"Sony","65""","LCD (LED)",544,4
"Sony","85""","LCD (LED)",882,4
"HISENSE","65""","LCD (LED)",458,5
"HISENSE","50""","LCD (LED)",254,5.5
"HISENSE","55""","LCD (LED)",304,5.5
"DEVANTi","65""","LCD (LED)",554,4
"PHILIPS","55""","OLED",829,1
"Linsar","82""","LCD (LED)",651,5.5
"Kogan","70""","LCD (LED)",550,4.5
"Linsar","65""","LCD (LED)",371,6
"HISENSE","32""","LCD (LED)",104,6
"HISENSE","55""","LCD (LED)",380,4.5
"DEVANTI","75""","LCD (LED)",760,4
"LG","75""","LCD (LED)",904,3
"LG","86""","LCD (LED)",1280,2.5
"LG","75""","LCD (LED)",594,5
"Skyworth","55""","LCD (LED)",303,5.5
"HISENSE","75""","LCD (LED)",528,5.5
"Skyworth","86""","LCD (LED)",893,4.5
"Sony","65""","LCD",642,3.5
"Sony","75""","LCD",763,4
"Sony","85""","LCD",818,4.5
"VEON","58""","LCD (LED)",450,4
"LG","86""","LCD (LED)",776,5
"PHILIPS","65""","OLED",1011,1.5
"kogan","50""","LCD (LED)",284,5
"kogan","50""","LCD (LED)",284,5
"kogan","75""","LCD (LED)",627,4.5
"EKO","70""","LCD (LED)",572,4.5
"KOGAN","55""","LCD (LED)",320,5
"Samsung","65""","LCD (LED)",806,2.5
"Samsung","75""","LCD (LED)",886,3
"LG","75""","LCD (LED)",703,4
"HISENSE","75""","LCD (LED)",684,4.5
"PHILIPS","55""","LCD (LED)",238,6
"PHILIPS","65""","LCD (LED)",295,7
"HISENSE","55""","LCD (LED)",468,3.5
"Linsar","70""","LCD (LED)",429,6
"HISENSE","65""","LCD",638,3.5
"FURRION","24""","LCD",85,5
"HISENSE","75""","LCD (LED)",1190,2
"CHiQ","50""","LCD (LED)",265,5
"CHiQ","55""","LCD (LED)",349,4.5
"CHiQ","65""","LCD (LED)",506,4.5
"HISENSE","65""","LCD (LED)",492,4.5
"HISENSE","43""","LCD (LED)",240,4.5
"LG","55""","LCD (LED)",422,4
"LG","43""","LCD (LED)",287,3.5
"LG","50""","LCD (LED)",338,4
"LG","70""","LCD (LED)",561,4.5
"LG","32""","LCD (LED)",123,5
"HISENSE","40""","LCD (LED)",135,6
"HISENSE","85""","LCD (LED)",952,4
"EKO","75""","LCD (LED)",758,4
"EKO","55""","LCD (LED)",273,6
"kogan","32""","LCD (LED)",104,6
"HISENSE","85""","LCD (LED)",952,4
"JVC","50""","LCD (LED)",256,5
"CAIXUN","32""","LCD",98,6
"CAIXUN","43""","LCD",220,4.5
"CAIXUN","40""","LCD",155,5.5
"JVC","55""","LCD (LED)",320,5
"PHILIPS","19""","LCD (LED)",61,5
"LG","43""","LCD (LED)",291,3.5
"LG","50""","LCD (LED)",349,4
"LG","55""","LCD (LED)",415,4
"LG","65""","LCD (LED)",572,4
"LG","75""","LCD (LED)",659,4.5
"LG","86""","LCD (LED)",882,4.5
"LOEWE","65""","OLED",517,4.5
"TOSHIBA","50""","LCD (LED)",280,5
"TOSHIBA","43""","LCD (LED)",269,4
"TOSHIBA","55""","LCD (LED)",339,5
"TOSHIBA","65""","LCD (LED)",453,5
"VEON","50""","LCD (LED)",380,3.5
"LG","65""","LCD (LED)",440,5
"LG","65""","LCD (LED)",601,3.5
"LG","65""","LCD (LED)",805,2.5
"BAUHN","75""","LCD (LED)",393,6
"JVC","65""","LCD (LED)",430,5
"TEAC","70""","LCD (LED)",560,4.5
"EKO","65""","LCD (LED)",580,4
"EKO","70""","LCD (LED)",640,4
"EKO","85""","LCD (LED)",1116,3
"BLAUPUNKT","50""","LCD (LED)",288,4.5
"EKO","58""","LCD (LED)",378,4.5
"Samsung","65""","LCD (LED)",459,5
"Kogan","70""","LCD",515,5
"HISENSE","75""","LCD (LED)",683,4.5
"VEON","55""","LCD (LED)",404,4
"VEON","58""","LCD (LED)",450,4
"Samsung","55""","LCD (LED)",726,1.5
"EKO","65""","LCD (LED)",510,4.5
"Gorilla","42""","LCD (LED)",160,6
"Gorilla","32""","LCD (LED)",104,6
"SHARP","70""","LCD (LED)",653,4
"SHARP","70""","LCD (LED)",580,4.5
"SHARP","61""","LCD (LED)",474,4
"SHARP","32""","LCD (LED)",125,5
"CHiQ","32""","LCD (LED)",104,6
"CHiQ","43""","LCD (LED)",240,4.5
"BAUHN","65""","LCD (LED)",367,6
"Samsung","85""","LCD (LED)",824,4.5
"HISENSE","85""","LCD (LED)",1088,3.5
"Samsung","55""","LCD (LED)",310,5
"Samsung","65""","LCD (LED)",383,5.5
"Samsung","75""","LCD (LED)",715,4
"TCL","55""","LCD (LED)",537,2.5
"Samsung","43""","LCD (LED)",255,4
"Samsung","50""","LCD (LED)",288,4.5
"HISENSE","65""","LCD (LED)",812,2.5
"KOGAN","19""","LCD (LED)",62,5
"Samsung","55""","LCD (LED)",324,5
"Samsung","65""","LCD (LED)",430,5
"Samsung","75""","LCD (LED)",569,5
"Samsung","85""","LCD (LED)",645,5.5
"Samsung","50""","LCD (LED)",302,4.5
"Samsung","43""","LCD (LED)",266,4
"TOSHIBA","75""","LCD (LED)",547,5.5
"SMTV","43""","LCD (LED)",188,5.5
"EKO","40""","LCD (LED)",155,5.5
"JVC","55""","LCD",430,3.5
"AKAI","58""","LCD (LED)",301,6
"SHARP","42""","LCD (LED)",177,5.5
"AKAI","65""","LCD (LED)",371,6
"HISENSE","85""","LCD (LED)",698,5.5
"Samsung","70""","LCD (LED)",496,5
"METZ","65""","OLED",586,4
"METZ","55""","OLED",424,4
"Samsung","40""","LCD (LED)",218,4
"PHILIPS","24""","LCD (LED)",65,6
"PHILIPS","43""","LCD (LED)",160,6
"PHILIPS","49""","LCD (LED)",175,7
"PHILIPS","55""","LCD (LED)",202,7
"PHILIPS","65""","LCD (LED)",483,4.5
"PHILIPS","55""","LCD (LED)",514,3
"Samsung","98""","LCD (LED)",1127,4.5
"EKO","55""","LCD (LED)",312,5
"AKAI","50""","LCD (LED)",225,6
"AKAI","75""","LCD (LED)",404,6
"TOSHIBA","55""","LCD (LED)",426,4
"EKO","32""","LCD (LED)",138,4.5
"TOSHIBA","65""","LCD (LED)",520,4.5
"DGTEC","65""","LCD (LED)",371,6
"AKAI","70""","LCD",372,6
"BLAUPUNKT","65""","LCD (LED)",510,4.5
"Altius","24""","LCD (LED)",68,6
"MYVI","24""","LCD",85,5
"Altius","24""","LCD (LED)",68,6
"HISENSE","50""","LCD (LED)",284,5
"EKO","32""","LCD (LED)",134,4.5
"EKO","32""","LCD (LED)",110,5.5
"HISENSE","58""","LCD (LED)",335,5.5
"HISENSE","75""","LCD (LED)",683,4.5
"BAUHN","70""","LCD",405,6
"BAUHN","32""","LCD (LED)",105,6
"HISENSE","65""","LCD (LED)",649,3.5
"HISENSE","70""","LCD (LED)",422,6
"LG","50""","LCD (LED)",287,4.5
"LG","55""","LCD (LED)",295,5.5
"LG","65""","LCD (LED)",422,5
"LG","75""","LCD (LED)",514,5.5
"VEON","50""","LCD (LED)",370,3.5
"BAUHN","32""","LCD (LED)",99,6
"KOGAN","42""","LCD (LED)",159,6
"PHILIPS","50""","LCD (LED)",376,3.5
"PHILIPS","70""","LCD (LED)",589,4.5
"PHILIPS","65""","LCD (LED)",518,4.5
"BLAUPUNKT","85""","LCD",1170,3
"BLAUPUNKT","75""","LCD",810,3.5
"SMTV","55""","LCD (LED)",347,4.5
"Samsung","43""","LCD (LED)",237,4.5
"KOGAN","32""","LCD (LED)",110,5.5
"KOGAN","24""","LCD (LED)",70,5.5
"SMTV","65""","LCD (LED)",400,5.5
"KOGAN","75""","LCD (LED)",765,4
"PHILIPS","43""","LCD (LED)",208,5
"PHILIPS","75""","LCD (LED)",451,6
"PHILIPS","55""","LCD (LED)",426,4
"Polaroid","65""","LCD (LED)",367,6
"AKAI","32""","LCD (LED)",98,6
"EKO","24""","LCD (LED)",70,5.5
"PHILIPS","50""","LCD (LED)",253,5.5
"PHILIPS","65""","LCD (LED)",382,5.5
"PHILIPS","55""","LCD (LED)",286,5.5
"VEON","55""","LCD (LED)",423,4
"BLAUPUNKT","65""","LCD",467,4.5
"EKO","40""","LCD (LED)",202,4.5
"Polaroid","32""","LCD (LED)",98,6
"Samsung","55""","LCD (LED)",514,3
"Samsung","65""","LCD (LED)",751,2.5
"Samsung","75""","LCD (LED)",868,3
"ShareTV","22""","LCD",106,3
"kogan","55""","LCD",415,4
"PHILIPS","55""","LCD (LED)",596,2.5
"BLAUPUNKT","40""","LCD (LED)",211,4.5
"VEON","40""","LCD (LED)",175,5
"PHILIPS","75""","LCD (LED)",682,4.5
"EKO","32""","LCD (LED)",135,4.5
"kogan","43""","LCD",240,4.5
"PHILIPS","65""","LCD (LED)",725,3
"Samsung","43""","LCD (LED)",255,4
"Samsung","55""","LCD (LED)",335,5
"Samsung","50""","LCD (LED)",313,4.5
"Samsung","65""","LCD (LED)",426,5
"Samsung","75""","LCD (LED)",565,5
"Samsung","50""","LCD (LED)",262,5
"WALTON","44""","LCD (LED)",140,7
"EKO","46""","LCD",245,5
"BLAUPUNKT","40""","LCD",151,6
"kogan","75""","LCD",667,4.5
"PHILIPS","43""","LCD (LED)",216,5
"PHILIPS","50""","LCD (LED)",259,5
"PHILIPS","75""","LCD (LED)",443,6
"PHILIPS","75""","LCD (LED)",785,3.5
"PHILIPS","58""","LCD (LED)",294,6
"PHILIPS","65""","LCD (LED)",381,5.5
"KOGAN","24""","LCD (LED)",84,5
"MYVI","24""","LCD (LED)",85,5
"Samsung","55""","LCD (LED)",284,5.5
"Caixun","40""","LCD (LED)",151,6
"CHiQ","75""","LCD (LED)",506,5.5
"Stan Cash","19""","LCD (LED)",60,5
"LG","65""","LCD (LED)",440,5
"kogan","65""","LCD",572,4
"EKO","58""","LCD",346,5
"EKO","75""","LCD",756,4
"EKO","70""","LCD",465,5.5
"EKO","70""","LCD",612,4
"BAUHN","61""","LCD",320,6
"BAUHN","85""","LCD",600,6
"Shenzhen Xinchaoda Technology Co., Ltd","65""","LCD (LED)",369,6
"Shenzhen Xinchaoda Technology Co., Ltd","55""","LCD (LED)",381,4.5
"Shenzhen Xinchaoda Technology Co., Ltd","55""","LCD (LED)",362,4.5
"Shenzhen Xinchaoda Technology Co., Ltd","65""","LCD (LED)",402,5.5
"LG","50""","LCD (LED)",287,4.5
"LG","55""","LCD (LED)",371,4.5
"LG","65""","LCD (LED)",433,5
"kogan","40""","LCD (LED)",149,6
"AKAI","65""","LCD (LED)",367,6
"Linsar","65""","LCD (LED)",367,6
"PHILIPS","19""","LCD (LED)",62,5
"JVC","32""","LCD",130,5
"BAUHN","65""","LCD",360,6
"Sony","43""","LCD (LED)",261,4
"Sony","50""","LCD (LED)",312,4.5
"JVC","42""","LCD",230,4.5
"JVC","55""","LCD",400,4
"JVC","50""","LCD",354,4
"KOGAN","50""","LCD (LED)",210,6
"KOGAN","58""","LCD (LED)",271,6
"BAUHN","58""","LCD",275,6
"BLAUPUNKT","32""","LCD",128,5
"KOGAN","55""","LCD (LED)",247,6
"Sony","32""","LCD (LED)",132,4.5
"KOGAN","43""","LCD (LED)",194,5.5
"KOGAN","40""","LCD (LED)",151,6
"LG","55""","LCD (LED)",422,4
"LG","65""","LCD (LED)",528,4
"Caixun","40""","LCD (LED)",151,6
"BLAUPUNKT","24""","LCD (LED)",78,5
"Samsung","65""","LCD (LED)",416,5.5
"EKO","43""","LCD",191,5.5
"EKO","75""","LCD",832,3.5
"EKO","75""","LCD",638,4.5
"EKO","50""","LCD",203,6
"LG","65""","LCD (LED)",440,5
"LG","75""","LCD (LED)",579,5
"LG","75""","LCD (LED)",579,5
"LG","86""","LCD (LED)",674,5.5
"LG","86""","LCD (LED)",674,5.5
"LG","48""","OLED",280,4.5
"LG","55""","OLED",316,5
"LG","55""","OLED",316,5
"LG","55""","OLED",375,4.5
"LG","55""","OLED",349,4.5
"LG","55""","OLED",349,4.5
"LG","65""","OLED",393,5.5
"LG","65""","OLED",393,5.5
"LG","65""","OLED",462,5
"LG","65""","OLED",411,5.5
"LG","65""","OLED",411,5.5
"LG","77""","OLED",513,6
"LG","77""","OLED",513,6
"LG","83""","OLED",656,5.5
"LG","83""","OLED",656,5.5
"BAUHN","42""","LCD",157,6
"LG","42""","OLED",232,4.5
"LG","42""","OLED",232,4.5
"LG","48""","OLED",284,4.5
"LG","48""","OLED",284,4.5
"LG","43""","LCD (LED)",276,3.5
"LG","43""","LCD (LED)",276,3.5
"LG","43""","LCD (LED)",284,3.5
"LG","50""","LCD (LED)",331,4
"LG","50""","LCD (LED)",331,4
"LG","50""","LCD (LED)",295,4.5
"LG","50""","LCD (LED)",295,4.5
"LG","50""","LCD (LED)",287,4.5
"LG","55""","LCD (LED)",419,4
"LG","55""","LCD (LED)",419,4
"LG","55""","LCD (LED)",346,4.5
"LG","55""","LCD (LED)",346,4.5
"LG","55""","LCD (LED)",360,4.5
"LG","65""","LCD (LED)",528,4
"LG","65""","LCD (LED)",528,4
"LG","65""","LCD (LED)",433,5
"LG","65""","LCD (LED)",433,5
"LG","65""","LCD (LED)",543,4
"LG","75""","LCD (LED)",663,4.5
"LG","75""","LCD (LED)",663,4.5
"LG","75""","LCD (LED)",492,5.5
"LG","75""","LCD (LED)",492,5.5
"LG","75""","LCD (LED)",630,4.5
"LG","86""","LCD (LED)",915,4
"LG","86""","LCD (LED)",915,4
"LG","86""","LCD (LED)",915,4
"METZ","86""","LCD (LED)",893,4.5
"Samsung","55""","LCD (LED)",419,4
"Samsung","75""","LCD (LED)",576,5
"Samsung","85""","LCD (LED)",740,5
"Samsung","61""","LCD (LED)",383,5
"Samsung","65""","LCD (LED)",437,5
"Samsung","65""","LCD (LED)",437,5
"Samsung","75""","LCD (LED)",613,4.5
"Samsung","75""","LCD (LED)",777,3.5
"LG","43""","LCD (LED)",276,3.5
"LG","43""","LCD (LED)",276,3.5
"LG","50""","LCD (LED)",331,4
"LG","50""","LCD (LED)",331,4
"LG","55""","LCD (LED)",357,4.5
"LG","55""","LCD (LED)",419,4
"LG","55""","LCD (LED)",419,4
"LG","65""","LCD (LED)",543,4
"LG","75""","LCD (LED)",605,5
"LG","75""","LCD (LED)",605,5
"LG","86""","LCD (LED)",725,5
"LG","86""","LCD (LED)",725,5
"METZ","32""","LCD (LED)",115,5.5
"Samsung","85""","LCD (LED)",653,5.5
"TEAC","65""","LCD (LED)",386,5.5
"kogan","65""","LCD (LED)",386,5.5
"Polaroid","65""","LCD",370,6
"Samsung","50""","LCD (LED)",346,4
"Samsung","55""","LCD (LED)",416,4
"Samsung","65""","LCD (LED)",551,4
"Samsung","75""","LCD (LED)",635,4.5
"Samsung","85""","LCD (LED)",817,4.5
"Samsung","43""","LCD (LED)",270,4
"Samsung","65""","LCD (LED)",1120,1
"BAUHN","32""","LCD",101,6
"MYVI","24""","LCD (LED)",95,4.5
"Samsung","50""","LCD (LED)",412,3
"Samsung","75""","LCD (LED)",897,3
"EKO","55""","LCD",422,4
"BLAUPUNKT","55""","LCD",422,4
"LG","65""","LCD (LED)",532,4
"LG","55""","OLED",349,4.5
"LG","55""","OLED",349,4.5
"LG","77""","OLED",557,5.5
"LG","77""","OLED",557,5.5
"LG","65""","OLED",400,5.5
"LG","65""","OLED",400,5.5
"LG","77""","OLED",462,6
"Samsung","75""","LCD (LED)",1240,1.5
"Samsung","85""","LCD (LED)",1423,2
"Samsung","55""","LCD (LED)",594,2.5
"Samsung","85""","LCD (LED)",1113,3
"AKAI","50""","LCD (LED)",202,6
"Samsung","43""","LCD (LED)",364,2.5
"Samsung","50""","LCD (LED)",353,4
"Samsung","55""","LCD (LED)",514,3
"Samsung","55""","LCD (LED)",499,3
"Samsung","65""","LCD (LED)",580,4
"Samsung","65""","LCD (LED)",580,4
"Samsung","75""","LCD (LED)",715,4
"Samsung","85""","LCD (LED)",916,4
"LG","43""","LCD (LED)",287,3.5
"LG","50""","LCD (LED)",342,4
"LG","75""","LCD (LED)",619,4.5
"LG","86""","LCD (LED)",915,4
"METZ","40""","LCD (LED)",122,7
"EKO","50""","LCD",226,6
"EKO","55""","LCD",321,5
"EKO","55""","LCD",455,3.5
"BLAUPUNKT","55""","LCD",455,3.5
"BLAUPUNKT","24""","LCD",87,4.5
"Sony","65""","LCD (LED)",478,4.5
"Sony","55""","LCD (LED)",376,4.5
"Sony","85""","LCD (LED)",869,4.5
"Sony","55""","LCD (LED)",467,3.5
"Sony","75""","LCD (LED)",704,4
"kogan","85""","LCD (LED)",970,4
"Samsung","65""","LCD (LED)",1135,1
"Samsung","85""","LCD (LED)",1605,1.5
"Sony","65""","LCD (LED)",544,4
"Samsung","75""","LCD (LED)",1445,1
"Samsung","43""","LCD (LED)",339,3
"Samsung","65""","LCD (LED)",744,2.5
"Samsung","65""","LCD (LED)",781,2.5
"Samsung","85""","LCD (LED)",715,5
"Samsung","65""","LCD (LED)",755,2.5
"Samsung","55""","LCD (LED)",635,2
"Samsung","55""","LCD (LED)",817,1
"Samsung","75""","LCD (LED)",978,2.5
"Samsung","85""","LCD (LED)",1233,2.5
"Samsung","65""","LCD (LED)",897,2
"FURRION","24""","LCD (LED)",107,4
"Sony","55""","OLED",387,4
"KOGAN","32""","LCD (LED)",110,5.5
"Sony","65""","OLED",451,5
"Sony","77""","OLED",629,5
"Sony","75""","LCD (LED)",732,4
"Sony","65""","LCD (LED)",555,4
"LG","43""","LCD (LED)",269,4
"LG","50""","LCD (LED)",276,5
"LG","50""","LCD (LED)",342,4
"LG","55""","LCD (LED)",419,4
"LG","65""","LCD (LED)",419,5
"LG","65""","LCD (LED)",557,4
"LG","65""","LCD (LED)",776,2.5
"LG","65""","LCD (LED)",776,2.5
"LG","65""","LCD (LED)",466,4.5
"LG","75""","LCD (LED)",462,6
"LG","75""","LCD (LED)",849,3.5
"LG","75""","LCD (LED)",849,3.5
"LG","75""","LCD (LED)",605,5
"LG","86""","LCD (LED)",1200,3
"LG","86""","LCD (LED)",1200,3
"LG","77""","OLED",959,3
"LG","88""","OLED",1171,3
"LG","88""","OLED",1171,3
"EKO","50""","LCD (LED)",210,6
"BLAUPUNKT","50""","LCD (LED)",210,6
"EKO","65""","LCD",396,5.5
"Samsung","55""","LCD (LED)",426,4
"Samsung","65""","LCD (LED)",492,4.5
"Samsung","50""","LCD (LED)",507,2
"Samsung","75""","LCD (LED)",1000,2.5
"Linsar","32""","LCD",99,6
"Samsung","43""","LCD (LED)",302,3.5
"Samsung","50""","LCD (LED)",353,4
"Samsung","43""","LCD (LED)",251,4
"Samsung","50""","LCD (LED)",291,4.5
"Samsung","55""","LCD (LED)",580,2.5
"Samsung","55""","LCD (LED)",317,5
"Samsung","65""","LCD (LED)",419,5
"Samsung","75""","LCD (LED)",576,5
"Sony","55""","LCD (LED)",471,3.5
"Samsung","55""","LCD (LED)",321,5
"Samsung","43""","LCD (LED)",259,4
"Samsung","50""","LCD (LED)",295,4.5
"Samsung","75""","LCD (LED)",671,4.5
"Samsung","65""","LCD (LED)",430,5
"LG","65""","LCD (LED)",557,4
"LG","75""","LCD (LED)",630,4.5
"LG","86""","LCD (LED)",915,4
"Polaroid","50""","LCD (LED)",202,6
"EKO","65""","LCD (LED)",520,4.5
"EKO","24""","LCD",84,5
"BLAUPUNKT","24""","LCD",84,5
"EKO","58""","LCD",468,4
"EKO","40""","LCD (LED)",151,6
"BLAUPUNKT","40""","LCD (LED)",151,6
"EKO","40""","LCD",151,6
"Sony","65""","LCD (LED)",835,2
"Sony","75""","LCD (LED)",894,3
"Sony","85""","LCD (LED)",1076,3.5
"EKO","70""","LCD (LED)",590,4.5
"LG","83""","OLED",663,5.5
"LG","83""","OLED",663,5.5
"Sony","65""","OLED",507,4.5
"Samsung","43""","LCD (LED)",306,3
"kogan","50""","LCD (LED)",331,4
"DGTEC","55""","LCD",256,6
"AKAI","40""","LCD",131,6
"TCL","55""","LCD (LED)",225,6
"JVC","40""","LCD (LED)",151,6
"JVC","55""","LCD (LED)",360,4.5
"LG","55""","LCD (LED)",422,4
"LG","65""","LCD (LED)",532,4
"LG","75""","LCD (LED)",627,4.5
"CHiQ","24""","LCD",82,5
"BAUHN","85""","LCD",600,6
"Polaroid","32""","LCD",99,6
"EKO","55""","LCD",385,4
"Sony","48""","OLED",315,4
"Sony","50""","LCD (LED)",347,4
"Sony","55""","LCD (LED)",504,3
"Sony","65""","LCD (LED)",661,3
"Sony","75""","LCD (LED)",826,3.5
"Sony","85""","LCD (LED)",875,4
"JVC","75""","LCD (LED)",758,4
"JVC","65""","LCD (LED)",370,6
"AKAI","85""","LCD",600,6
"JVC","55""","LCD (LED)",320,5
"Linsar","85""","LCD",600,6
"kogan","50""","LCD (LED)",284,5
"kogan","75""","LCD (LED)",536,5.5
"kogan","65""","LCD (LED)",572,4
"kogan","32""","LCD (LED)",104,6
"Samsung","32""","LCD (LED)",145,4.5
"Sony","43""","LCD (LED)",286,3.5
"Avel Innovations","24""","LCD (LED)",90,4.5
"LG","55""","LCD (LED)",375,4.5
"LG","55""","LCD (LED)",375,4.5
"LG","65""","LCD (LED)",484,4.5
"LG","65""","LCD (LED)",484,4.5
"LG","75""","LCD (LED)",587,5
"LG","75""","LCD (LED)",587,5
"LG","86""","LCD (LED)",754,5
"LG","86""","LCD (LED)",754,5
"Sony","42""","OLED",256,4
"Avel Innovations","24""","LCD (LED)",91,4.5
"Avel Innovations","32""","LCD (LED)",145,4.5
"EKO","40""","LCD",252,3.5
"EKO","65""","LCD",505,4.5
"kogan","58""","LCD (LED)",448,4
"kogan","24""","LCD (LED)",68,6
"Polaroid","24""","LCD (LED)",68,6
"TEAC","50""","LCD (LED)",210,6
"TEAC","55""","LCD (LED)",247,6
"CHiQ","24""","LCD (LED)",82,5
"CHiQ","32""","LCD (LED)",131,5
"CHiQ","40""","LCD (LED)",185,5
"EKO","40""","LCD",155,5.5
"JVC","43""","LCD",235,4.5
"TCL","43""","LCD (LED)",218,4.5
"TCL","50""","LCD (LED)",307,4.5
"TCL","55""","LCD (LED)",320,5
"TCL","65""","LCD (LED)",410,5.5
"TCL","75""","LCD (LED)",527,5.5
"JVC","50""","LCD",354,4
"Linsar","32""","LCD",101,6
"LG","65""","OLED",462,5
"Kogan","70""","LCD (LED)",667,4
"KOGAN","19""","LCD (LED)",62,5
"Kogan","24""","LCD (LED)",83,5
"BAUHN","50""","LCD",220,6
"EKO","70""","LCD",405,6
"TCL","55""","LCD (LED)",320,5
"TCL","65""","LCD (LED)",440,5
"TCL","75""","LCD (LED)",665,4.5
"TCL","55""","LCD (LED)",587,2.5
"TCL","65""","LCD (LED)",726,3
"TCL","75""","LCD (LED)",1130,2
"Linsar","50""","LCD",220,6
"Samsung","65""","LCD (LED)",569,4
"EKO","43""","LCD (LED)",216,5
"BLAUPUNKT","32""","LCD (LED)",151,4
"EKO","40""","LCD (LED)",141,6
"BLAUPUNKT","40""","LCD (LED)",141,6
"BAUHN","70""","LCD",395,6
"Samsung","55""","LCD (LED)",521,3
"CHiQ","50""","LCD (LED)",265,5
"CHiQ","55""","LCD (LED)",349,4.5
"CHiQ","55""","LCD (LED)",415,4
"CHiQ","65""","LCD (LED)",572,4
"Linsar","25""","LCD",67,6
"LSP TV","20""","LCD (LED)",60,5
"CHiQ","40""","LCD (LED)",189,5
"CHiQ","43""","LCD (LED)",240,4.5
"CHiQ","65""","LCD (LED)",506,4.5
"BAUHN","55""","LCD",305,5.5
"PRISM+","55""","LCD (LED)",424,4
"PHILIPS","65""","LCD (LED)",469,4.5
"PHILIPS","50""","LCD (LED)",329,4
"TOSHIBA","75""","LCD (LED)",489,6
"WALTON","32""","LCD (LED)",115,5.5
"WALTON","40""","LCD (LED)",135,6
"WALTON","43""","LCD (LED)",138,7
"BLAUPUNKT","75""","LCD",692,4
"EKO","55""","LCD",380,4.5
"EKO","32""","LCD",130,5
"BLAUPUNKT","55""","LCD",380,4.5
"EKO","58""","LCD (LED)",465,4
"HISENSE","50""","LCD (LED)",254,5.5
"BLAUPUNKT","32""","LCD (LED)",131,5
"EKO","65""","LCD",725,3
"Samsung","50""","LCD (LED)",346,4
"Samsung","55""","LCD (LED)",416,4
"PHILIPS","55""","LCD (LED)",381,4.5
"Samsung","43""","LCD (LED)",270,4
"Samsung","65""","LCD (LED)",437,5
"Samsung","75""","LCD (LED)",576,5
"HISENSE","58""","LCD (LED)",335,5.5
"TOSHIBA","43""","LCD (LED)",214,5
"TOSHIBA","50""","LCD (LED)",269,5
"TOSHIBA","55""","LCD (LED)",269,6
"TOSHIBA","65""","LCD (LED)",333,6
"PHILIPS","50""","LCD (LED)",248,5.5
"PHILIPS","75""","LCD (LED)",537,5.5
"TCL","85""","LCD (LED)",728,5
"TCL","85""","LCD (LED)",941,4
"PHILIPS","55""","LCD (LED)",293,5.5
"LG","43""","LCD (LED)",284,3.5
"LG","50""","LCD (LED)",342,4
"LG","55""","LCD (LED)",419,4
"LG","65""","LCD (LED)",532,4
"LG","75""","LCD (LED)",605,5
"LG","42""","OLED",232,4.5
"LG","42""","OLED",232,4.5
"LG","48""","OLED",284,4.5
"LG","48""","OLED",284,4.5
"LG","55""","OLED",349,4.5
"LG","55""","OLED",349,4.5
"Caixun","24""","LCD (LED)",70,5.5
"Linsar","61""","LCD",320,6
"PRISM+","65""","LCD (LED)",400,5.5
"kogan","50""","LCD (LED)",284,5
"AKAI","24""","LCD (LED)",68,6
"Polaroid","32""","LCD",103,6
"TEAC","32""","LCD (LED)",110,5.5
"Caixun","39""","LCD (LED)",138,6
"LG","50""","LCD (LED)",287,4.5
"LG","55""","LCD (LED)",295,5.5
"LG","65""","LCD (LED)",422,5
"Caixun","40""","LCD (LED)",151,6
"LG","75""","LCD (LED)",514,5.5
"Caixun","42""","LCD (LED)",159,6
"Caixun","43""","LCD (LED)",162,6
"TCL","65""","LCD (LED)",689,3
"TCL","75""","LCD (LED)",810,3.5
"BAUHN","75""","LCD (LED)",469,6
"BLAUPUNKT","65""","LCD (LED)",400,5.5
"BLAUPUNKT","86""","LCD (LED)",988,4
"BLAUPUNKT","55""","LCD (LED)",335,5
"BLAUPUNKT","42""","LCD (LED)",163,6
"HISENSE","32""","LCD (LED)",104,6
"HISENSE","40""","LCD (LED)",135,6
"Samsung","98""","LCD (LED)",1602,3
"HISENSE","55""","LCD (LED)",380,4.5
"HISENSE","65""","LCD (LED)",464,5
"HISENSE","75""","LCD (LED)",599,5
"HISENSE","85""","LCD (LED)",868,4.5
"Samsung","43""","LCD (LED)",259,4
"Samsung","50""","LCD (LED)",295,4.5
"Samsung","55""","LCD (LED)",321,5
"Samsung","65""","LCD (LED)",430,5
"Samsung","75""","LCD (LED)",671,4.5
"BAUHN","40""","LCD (LED)",148,6
"KOGAN","40""","LCD (LED)",151,6
"LG","55""","OLED",375,4.5
"LG","55""","OLED",375,4.5
"LG","65""","OLED",462,5
"LG","65""","OLED",462,5
"LG","77""","OLED",572,5.5
"LG","77""","OLED",572,5.5
"LG","42""","OLED",232,4.5
"LG","42""","OLED",232,4.5
"LG","50""","LCD (LED)",269,5
"LG","55""","LCD (LED)",346,4.5
"LG","65""","LCD (LED)",419,5
"LG","75""","LCD (LED)",477,6
"EKO","32""","LCD",131,5
"SMARTTECH","50""","LCD (LED)",210,6
"SMARTTECH","55""","LCD (LED)",247,6
"SMARTTECH","65""","LCD (LED)",386,5.5
"KOGAN","32""","LCD (LED)",110,5.5
"Kogan","24""","LCD (LED)",70,5.5
"LG","97""","OLED",802,6
"LG","97""","OLED",802,6
"Sphere","19""","LCD (LED)",67,4.5
"Sphere","24""","LCD (LED)",100,4
"BAUHN","70""","LCD",420,6
"BLAUPUNKT","55""","LCD",380,4.5
"Smarttech","32""","LCD (LED)",110,5.5
"Smarttech","40""","LCD (LED)",151,6
"Sphere","22""","LCD (LED)",93,4
"Signify","55""","LCD (LED)",378,4.5
"HISENSE","55""","LCD (LED)",476,3.5
"JVC","32""","LCD",118,5.5
"JVC","40""","LCD",186,5
"JVC","65""","LCD",512,4.5
"JVC","55""","LCD",375,4.5
"JVC","43""","LCD",269,4
"SVISION","32""","LCD (LED)",151,4
"HISENSE","65""","LCD (LED)",638,3.5
"Linsar","98""","LCD",823,6
"AKAI","50""","LCD (LED)",220,6
"BLAUPUNKT","40""","LCD",186,5
"BLAUPUNKT","32""","LCD",118,5.5
"EKO","32""","LCD",118,5.5
"CHiQ","32""","LCD (LED)",112,5.5
"EKO","65""","LCD",512,4.5
"EKO","55""","LCD",380,4.5
"EKO","55""","LCD",353,4.5
"EKO","65""","LCD",409,5.5
"EKO","75""","LCD",840,3.5
"BLAUPUNKT","65""","LCD",512,4.5
"KOGAN","55""","LCD (LED)",247,6
"LG","55""","OLED",258,6
"LG","65""","OLED",320,6
"ENGLAON","40""","LCD (LED)",140,6
"EKO","40""","LCD",175,5
"BLAUPUNKT","75""","LCD",811,3.5
"EKO","50""","LCD",376,3.5
"HISENSE","75""","LCD (LED)",955,3
"HISENSE","55""","OLED",319,5
"HISENSE","65""","OLED",369,6
"HISENSE","65""","LCD (LED)",649,3.5
"HISENSE","65""","OLED",459,5
"HISENSE","98""","LCD (LED)",1028,5
"BLAUPUNKT","85""","LCD",743,5
"Linsar","82""","LCD",630,5.5
"ENGLAON","32""","LCD (LED)",148,4.5
"FURRION","24""","LCD",120,3.5
"KOGAN","55""","OLED",424,4
"KOGAN","65""","OLED",586,4
"TCL","65""","LCD (LED)",220,8
"TCL","55""","LCD (LED)",190,7
"LG","43""","LCD (LED)",276,3.5
"LG","50""","LCD (LED)",331,4
"LG","55""","LCD (LED)",419,4
"LG","65""","LCD (LED)",543,4
"LG","75""","LCD (LED)",605,5
"LG","86""","LCD (LED)",915,4
"Linsar","55""","LCD",272,6
"BAUHN","61""","LCD",296,6
"BLAUPUNKT","24""","LCD (LED)",105,4
"EKO","24""","LCD (LED)",105,4
"BLAUPUNKT","43""","LCD",176,5.5
"EKO","43""","LCD",176,5.5
"Linsar","32""","LCD",105,6
"kogan","75""","LCD (LED)",488,6
"kogan","32""","LCD (LED)",104,6
"TCL","58""","LCD (LED)",251,6
"EKO","40""","LCD",151,6
"Linsar","75""","LCD",480,6
"EKO","75""","LCD",949,3
"BLAUPUNKT","75""","LCD",949,3
"Linsar","65""","LCD",360,6
"EKO","40""","LCD",151,6
"EKO","70""","LCD",630,4
"EKO","70""","LCD",695,3.5
"JVC","75""","LCD",811,3.5
"EKO","55""","LCD (LED)",324,5
"EKO","40""","LCD",175,5
"ILUMA","32""","LCD",119,5
"ILUMA","24""","LCD",112,3.5
"KOGAN","58""","LCD (LED)",410,4.5
"JVC","50""","LCD",374,3.5
"JVC","50""","LCD",253,5
"JVC","32""","LCD (LED)",110,5.5
"KOGAN","70""","LCD (LED)",580,4.5
"BAUHN","61""","LCD",296,6
"Linsar","85""","LCD",610,6
"AKAI","40""","LCD",150,6
"kogan","85""","LCD (LED)",974,4
"BAUHN","43""","LCD (LED)",170,6
"EKO","55""","LCD (LED)",323,5
"JVC","55""","LCD",330,5
"AKAI","65""","LCD",370,6
"BAUHN","65""","LCD (LED)",360,6
"Sony","55""","LCD (LED)",467,3.5
"Sony","65""","LCD (LED)",544,4
"Kodak","40""","LCD",150,6
"kogan","50""","LCD (LED)",277,5
"kogan","65""","LCD (LED)",579,4
"kogan","75""","LCD (LED)",667,4.5
"kogan","55""","LCD (LED)",339,5
"kogan","65""","LCD (LED)",404,5.5
"ENGLAON","24""","LCD (LED)",108,4
"ENGLAON","25""","LCD (LED)",102,4.5
"Polaroid","32""","LCD",102,6
"DGTEC","65""","LCD (LED)",367,6
"Sony","55""","OLED",387,4
"Sony","65""","OLED",451,5
"Linsar","50""","LCD",225,6
"Linsar","55""","LCD",272,6
"TEAC","24""","LCD (LED)",83,5
"AKAI","75""","LCD",480,6
"kogan","50""","LCD (LED)",382,3.5
"Monster","24""","LCD (LED)",66,6
"Monster","32""","LCD",90,6
"Linsar","43""","LCD",172,6
"Polaroid","55""","LCD",254,6
"LG","32""","LCD (LED)",123,5
"Altius","24""","LCD",66,6
"Kodak","32""","LCD",90,6
"Altius","32""","LCD",90,6
"AKAI","50""","LCD",225,6
"KOGAN","42""","LCD (LED)",180,5.5
"TEAC","32""","LCD (LED)",124,5
"Sony","77""","OLED",629,5
"kogan","43""","LCD (LED)",203,5
"AKAI","32""","LCD",89,6
"Polaroid","65""","LCD",348,6
"SHARP","32""","LCD (LED)",110,5.5
"SHARP","42""","LCD (LED)",197,5
"SHARP","50""","LCD (LED)",312,4.5
"SHARP","70""","LCD (LED)",457,5.5
"BLAUPUNKT","43""","LCD",199,5
"EKO","43""","LCD",199,5
"BLAUPUNKT","43""","LCD",199,5
"Kodak","55""","LCD",256,6
"Linsar","75""","LCD (LED)",469,6
"Blaupunkt","58""","LCD (LED)",405,4.5
"LOEWE","65""","OLED",418,5
"LOEWE","55""","OLED",354,4.5
"LOEWE","48""","OLED",274,4.5
"Blaupunkt","55""","LCD (LED)",332,5
"FFALCON","55""","LCD (LED)",190,7
"SHARP","61""","LCD (LED)",504,4
"BAUHN","50""","LCD",225,6
"BAUHN","75""","LCD",480,6
"BLAUPUNKT","85""","LCD",834,4.5
"Sony","55""","LCD (LED)",450,3.5
"Sony","65""","LCD (LED)",535,4
"LG","42""","OLED",232,4.5
"LG","42""","OLED",232,4.5
"LG","48""","OLED",276,4.5
"LG","48""","OLED",276,4.5
"LG","48""","OLED",284,4.5
"LG","48""","OLED",284,4.5
"LG","55""","OLED",309,5
"LG","55""","OLED",309,5
"LG","55""","OLED",364,4.5
"LG","55""","OLED",364,4.5
"LG","55""","OLED",349,4.5
"LG","55""","OLED",349,4.5
"LG","55""","OLED",422,4
"LG","55""","OLED",422,4
"LG","65""","OLED",378,5.5
"LG","65""","OLED",378,5.5
"LG","65""","OLED",444,5
"LG","65""","OLED",444,5
"LG","65""","OLED",411,5.5
"LG","65""","OLED",411,5.5
"LG","65""","OLED",532,4
"LG","65""","OLED",532,4
"LG","77""","OLED",579,5
"LG","77""","OLED",579,5
"LG","77""","OLED",561,5.5
"LG","77""","OLED",561,5.5
"LG","77""","OLED",718,4.5
"LG","77""","OLED",718,4.5
"LG","77""","OLED",871,3.5
"LG","83""","OLED",656,5.5
"LG","83""","OLED",656,5.5
"LG","83""","OLED",663,5.5
"LG","83""","OLED",663,5.5
"BAUHN","24""","LCD (LED)",84,5
"Sony","75""","LCD (LED)",692,4
"Sony","85""","LCD (LED)",878,4
"Samsung","65""","LCD (LED)",394,5.5
"yokohama","55""","LCD",278,5.5
"yokohama","65""","LCD",542,4
"Samsung","50""","LCD (LED)",280,5
"LG","50""","LCD (LED)",295,4.5
"LG","50""","LCD (LED)",295,4.5
"LG","55""","LCD (LED)",346,4.5
"LG","55""","LCD (LED)",346,4.5
"LG","65""","LCD (LED)",433,5
"LG","65""","LCD (LED)",433,5
"LG","75""","LCD (LED)",492,5.5
"LG","75""","LCD (LED)",492,5.5
"LG","86""","LCD (LED)",725,5
"LG","86""","LCD (LED)",725,5
"Samsung","43""","LCD (LED)",259,4
"Samsung","55""","LCD (LED)",321,5
"Samsung","50""","LCD (LED)",346,4
"Samsung","55""","LCD (LED)",416,4
"Sony","55""","LCD (LED)",396,4
"Sony","65""","LCD (LED)",533,4
"PRISM+","55""","LCD (LED)",304,5.5
"Samsung","85""","LCD (LED)",635,5.5
"Samsung","65""","LCD (LED)",569,4
"Samsung","75""","LCD (LED)",682,4.5
"FFALCON","65""","LCD (LED)",220,8
"LG","43""","LCD (LED)",269,4
"LG","43""","LCD (LED)",269,4
"LG","50""","LCD (LED)",287,4.5
"LG","50""","LCD (LED)",287,4.5
"LG","55""","LCD (LED)",357,4.5
"LG","55""","LCD (LED)",357,4.5
"LG","65""","LCD (LED)",466,4.5
"LG","65""","LCD (LED)",466,4.5
"LG","75""","LCD (LED)",605,5
"LG","86""","LCD (LED)",915,4
"FFALCON","43""","LCD (LED)",160,6
"FFALCON","50""","LCD (LED)",190,6
"BAUHN","24""","LCD (LED)",61,6
"Samsung","43""","LCD (LED)",259,4
"Sony","75""","LCD (LED)",589,5
"PRISM+","65""","LCD (LED)",465,5
"Samsung","65""","LCD (LED)",503,4.5
"Samsung","75""","LCD (LED)",562,5
"Samsung","43""","LCD (LED)",259,4
"Samsung","50""","LCD (LED)",328,4
"Samsung","55""","LCD (LED)",361,4.5
"Samsung","65""","LCD (LED)",452,5
"EKO","42""","LCD",260,3.5
"Samsung","75""","LCD (LED)",580,5
"Samsung","85""","LCD (LED)",897,4
"EKO","32""","LCD (LED)",140,4.5
"Samsung","55""","LCD (LED)",412,4
"Samsung","32""","LCD (LED)",160,4
"Samsung","85""","LCD (LED)",755,5
"Samsung","65""","LCD (LED)",963,1.5
"Samsung","75""","LCD (LED)",1069,2.5
"Samsung","85""","LCD (LED)",791,4.5
"Samsung","65""","LCD (LED)",562,4
"Samsung","75""","LCD (LED)",744,4
"Samsung","85""","LCD (LED)",948,4
"Samsung","55""","LCD (LED)",419,4
"Samsung","65""","LCD (LED)",532,4
"Samsung","75""","LCD (LED)",1244,1.5
"Samsung","65""","LCD (LED)",697,3
"Samsung","85""","LCD (LED)",1365,2
"LG","43""","LCD (LED)",269,4
"LG","50""","LCD (LED)",287,4.5
"LG","55""","LCD (LED)",357,4.5
"LG","65""","LCD (LED)",466,4.5
"Samsung","65""","LCD (LED)",569,4
"Samsung","50""","LCD (LED)",343,4
"Samsung","75""","LCD (LED)",784,3.5
"Samsung","85""","LCD (LED)",1109,3
"Samsung","65""","LCD (LED)",1025,1
"Polaroid","65""","LCD",358,6
"BAUHN","32""","LCD (LED)",104,6
"Samsung","75""","LCD (LED)",711,4
"Samsung","85""","LCD (LED)",905,4
"Samsung","75""","LCD (LED)",671,4.5
"Samsung","55""","LCD (LED)",616,2
"Samsung","75""","LCD (LED)",605,5
"AKAI","55""","LCD",272,6
"Sony","75""","LCD (LED)",789,3.5
"Sony","83""","OLED",765,4.5
"Polaroid","40""","LCD",149,6
"Linsar","32""","LCD",102,6
"kogan","98""","LCD (LED)",1233,4
"EKO","65""","LCD",554,4
"EKO","55""","LCD",354,4.5
"EKO","50""","LCD",333,4
"kogan","32""","LCD (LED)",104,6
"LG","65""","LCD (LED)",459,5
"LG","65""","LCD (LED)",459,5
"LG","75""","LCD (LED)",550,5
"LG","75""","LCD (LED)",550,5
"LG","86""","LCD (LED)",754,5
"LG","86""","LCD (LED)",754,5
"Blaupunkt","65""","LCD",554,4
"Sony","55""","LCD (LED)",477,3.5
"Sony","65""","LCD (LED)",530,4
"Sony","75""","LCD (LED)",667,4.5
"LG","43""","LCD (LED)",269,4
"LG","50""","LCD (LED)",287,4.5
"LG","55""","LCD (LED)",357,4.5
"LG","65""","LCD (LED)",466,4.5
"LG","75""","LCD (LED)",605,5
"LG","75""","LCD (LED)",605,5
"LG","86""","LCD (LED)",915,4
"LG","86""","LCD (LED)",915,4
"Sony","85""","LCD (LED)",1034,3.5
"Sony","65""","LCD (LED)",793,2.5
"Sony","75""","LCD (LED)",894,3
"Sony","43""","LCD (LED)",288,3.5
"Sony","50""","LCD (LED)",348,4
"Samsung","55""","LCD (LED)",416,4
"Samsung","65""","LCD (LED)",565,4
"EKO","43""","LCD (LED)",212,5
"FFALCON","32""","LCD (LED)",99,6
"Sony","85""","LCD (LED)",744,5
"LG","42""","OLED",232,4.5
"BAUHN","55""","LCD",272,6
"ENGLAON","34""","LCD (LED)",175,4.5
"ENGLAON","31""","LCD (LED)",158,4
"Samsung","85""","LCD (LED)",726,5
"Samsung","55""","LCD (LED)",416,4
"Samsung","65""","LCD (LED)",569,4
"Samsung","77""","LCD (LED)",806,4
"TCL","75""","LCD (LED)",732,4
"Samsung","85""","LCD (LED)",532,6
"AKAI","40""","LCD",150,6
"TCL","55""","LCD (LED)",476,3.5
"TCL","85""","LCD (LED)",1170,3
"TCL","85""","LCD (LED)",623,6
"TCL","75""","LCD (LED)",1010,2.5
"TCL","50""","LCD (LED)",277,5
"TCL","43""","LCD (LED)",220,4.5
"TCL","65""","LCD (LED)",520,4.5
"TCL","55""","LCD (LED)",532,3
"TCL","65""","LCD (LED)",812,2.5
"TCL","75""","LCD (LED)",956,3
"Sony","98""","LCD (LED)",944,5
"EKO","40""","LCD (LED)",180,5
"EKO","55""","OLED",275,5.5
"Linsar","65""","LCD",370,6
"EKO","50""","LCD (LED)",330,4
"JVC","43""","LCD",205,5
"TCL","98""","LCD (LED)",1771,2.5
"FFALCON","75""","LCD (LED)",450,6
"BAUHN","43""","LCD (LED)",170,6
"BAUHN","70""","LCD",420,6
"FFALCON","40""","LCD (LED)",144,6
"LG","88""","OLED",1276,3
"LG","88""","OLED",1276,3
"EKO","55""","LCD (LED)",364,4.5
"kogan","65""","LCD (LED)",404,5.5
"ENGLAON","22""","LCD (LED)",102,4
"ENGLAON","32""","LCD (LED)",150,4.5
"PHILIPS","50""","LCD (LED)",329,4
"PHILIPS","55""","LCD (LED)",365,4.5
"PHILIPS","65""","LCD (LED)",481,4.5
"JVC","32""","LCD (LED)",110,5.5
"Sony","55""","OLED",385,4
"Sony","65""","OLED",452,5
"KOGAN","19""","LCD (LED)",62,5
"Samsung","77""","LCD (LED)",653,4.5
"PHILIPS","50""","LCD (LED)",400,3
"PHILIPS","55""","LCD (LED)",413,4
"PHILIPS","65""","LCD (LED)",523,4
"PHILIPS","75""","LCD (LED)",617,4.5
"PHILIPS","75""","LCD (LED)",580,5
"PHILIPS","55""","LCD (LED)",551,2.5
"TCL","43""","LCD (LED)",200,5
"TCL","50""","LCD (LED)",212,6
"TCL","55""","LCD (LED)",225,6
"TCL","65""","LCD (LED)",315,6
"TCL","75""","LCD (LED)",459,6
"BLAUPUNKT","50""","LCD",315,4.5
"PHILIPS","65""","LCD (LED)",574,4
"JVC","24""","LCD (LED)",70,5.5
"EKO","32""","LCD (LED)",180,3.5
"Sony","77""","OLED",546,5.5
"LG","43""","LCD (LED)",269,4
"LG","43""","LCD (LED)",269,4
"LG","50""","LCD (LED)",287,4.5
"LG","50""","LCD (LED)",287,4.5
"LG","55""","LCD (LED)",357,4.5
"LG","55""","LCD (LED)",357,4.5
"LG","65""","LCD (LED)",466,4.5
"LG","65""","LCD (LED)",466,4.5
"LG","75""","LCD (LED)",605,5
"LG","75""","LCD (LED)",605,5
"LG","86""","LCD (LED)",915,4
"LG","86""","LCD (LED)",915,4
"TOSHIBA","43""","LCD (LED)",214,5
"TOSHIBA","50""","LCD (LED)",269,5
"TOSHIBA","55""","LCD (LED)",269,6
"TOSHIBA","65""","LCD (LED)",333,6
"TOSHIBA","75""","LCD (LED)",489,6
"BAUHN","50""","LCD",225,6
"JVC","50""","LCD",376,3.5
"BLAUPUNKT","40""","LCD",186,5
"EKO","40""","LCD",186,5
"Sylvox","16""","LCD (LED)",58,4.5
"LG","65""","LCD (LED)",459,5
"LG","75""","LCD (LED)",550,5
"LG","86""","LCD (LED)",754,5
"EKO","65""","LCD (LED)",462,5
"LG","43""","LCD (LED)",258,4
"LG","43""","LCD (LED)",302,3.5
"LG","50""","LCD (LED)",265,5
"LG","50""","LCD (LED)",251,5.5
"LG","55""","LCD (LED)",338,5
"LG","55""","LCD (LED)",320,5
"LG","65""","LCD (LED)",419,5
"LG","65""","LCD (LED)",400,5.5
"LG","75""","LCD (LED)",462,6
"LG","75""","LCD (LED)",477,6
"CHiQ","85""","LCD (LED)",897,4
"CHiQ","98""","LCD (LED)",1233,4
"PHILIPS","55""","OLED",400,4
"PHILIPS","65""","OLED",463,5
"kogan","32""","LCD (LED)",104,6
"kogan","40""","LCD (LED)",149,6
"HISENSE","55""","LCD (LED)",305,5.5
"HISENSE","43""","LCD (LED)",259,4
"HISENSE","65""","LCD (LED)",399,5.5
"HISENSE","75""","LCD (LED)",489,6
"HISENSE","85""","LCD (LED)",696,5.5
"Sylvox","43""","LCD (LED)",397,2
"Sylvox","55""","LCD (LED)",651,2
"Sylvox","65""","LCD (LED)",902,2
"Sylvox","22""","LCD (LED)",68,5
"Sylvox","24""","LCD (LED)",79,5
"LOEWE","43""","LCD (LED)",243,4
"Blaupunkt","55""","LCD (LED)",354,4.5
"LOEWE","32""","LCD (LED)",127,5
"LOEWE","55""","LCD (LED)",309,5
"LOEWE","50""","LCD (LED)",251,5.5
"TCL","85""","LCD (LED)",1300,2.5
"Samsung","43""","LCD (LED)",259,4
"Samsung","55""","LCD (LED)",299,5.5
"Samsung","75""","LCD (LED)",510,5.5
"Samsung","65""","LCD (LED)",426,5
"Samsung","50""","LCD (LED)",295,4.5
"BLAUPUNKT","65""","LCD",858,2
"kogan","43""","LCD (LED)",353,2.5
"kogan","65""","LCD (LED)",404,5.5
"Hubbl Glass","43""","LCD (LED)",200,5
"Hubbl Glass","55""","LCD (LED)",240,6
"JVC","32""","LCD (LED)",150,4
"TCL","55""","LCD (LED)",395,4
"TCL","85""","LCD (LED)",732,5
"Samsung","98""","LCD (LED)",1423,3.5
"Samsung","50""","LCD (LED)",280,5
"Sylvox","32""","LCD (LED)",118,5
"TCL","40""","LCD (LED)",180,5
"TCL","32""","LCD (LED)",110,5.5
"LG","77""","OLED",791,4
"LG","83""","OLED",776,4.5
"LG","97""","OLED",944,5
"BLAUPUNKT","43""","LCD (LED)",212,5
"kogan","75""","LCD (LED)",546,5.5
"FURRION","24""","LCD (LED)",96,4.5
"kogan","55""","LCD (LED)",302,5.5
"kogan","98""","LCD (LED)",1233,4
"kogan","50""","LCD (LED)",276,5
"LG","43""","LCD (LED)",159,6
"LG","50""","LCD (LED)",167,7
"LG","55""","LCD (LED)",218,7
"LG","65""","LCD (LED)",240,7
"LG","75""","LCD (LED)",258,8
"HISENSE","55""","LCD (LED)",339,5
"HISENSE","65""","LCD (LED)",459,5
"HISENSE","75""","LCD (LED)",612,5
"HISENSE","85""","LCD (LED)",859,4.5
"THOMSON","43""","LCD (LED)",162,6
"kogan","55""","LCD (LED)",302,5.5
"kogan","50""","LCD (LED)",276,5
"TOSHIBA","55""","LCD (LED)",459,3.5
"TOSHIBA","65""","LCD (LED)",520,4.5
"TOSHIBA","75""","LCD (LED)",764,4
"Samsung","55""","LCD (LED)",302,5.5
"Samsung","75""","LCD (LED)",478,6
"LG","43""","LCD (LED)",273,3.5
"KOGAN","22""","LCD",95,3.5
"LG","50""","LCD (LED)",305,4.5
"LG","55""","LCD (LED)",331,5
"BLAUPUNKT","50""","LCD (LED)",330,4
"ENGLAON","24""","LCD (LED)",70,5.5
"ENGLAON","24""","LCD (LED)",78,5
"Samsung","77""","LCD (LED)",653,4.5
"ENGLAON","24""","LCD (LED)",95,4.5
"ENGLAON","32""","LCD (LED)",163,4
"TOSHIBA","75""","LCD (LED)",575,5
"TOSHIBA","65""","LCD (LED)",465,5
"TOSHIBA","55""","LCD (LED)",341,5
"PHILIPS","32""","LCD (LED)",105,6
"PHILIPS","43""","LCD (LED)",334,3
"CHiQ","32""","LCD (LED)",116,5.5
"CHiQ","40""","LCD (LED)",189,5
"CHiQ","75""","LCD (LED)",532,5.5
"Samsung","98""","LCD (LED)",1058,4.5
"KOGAN","43""","LCD (LED)",221,4.5
"EKO","70""","LCD",532,5
"HISENSE","32""","LCD (LED)",93,6
"HISENSE","40""","LCD (LED)",121,7
"HISENSE","65""","LCD (LED)",520,4.5
"HISENSE","75""","LCD (LED)",639,4.5
"FFALCON","32""","LCD (LED)",110,5.5
"FFALCON","40""","LCD (LED)",180,5
"FFALCON","50""","LCD (LED)",204,6
"FFALCON","55""","LCD (LED)",250,6
"CHiQ","43""","LCD (LED)",214,5
"CHiQ","50""","LCD (LED)",276,5
"CHiQ","55""","LCD (LED)",320,5
"CHiQ","58""","LCD (LED)",349,5
"CHiQ","65""","LCD (LED)",404,5.5
"CHiQ","65""","LCD (LED)",579,4
"Kodak","65""","LCD (LED)",367,6
"PHILIPS","50""","LCD (LED)",269,5
"PHILIPS","65""","LCD (LED)",409,5.5
"KONKA","40""","LCD (LED)",189,5
"KOGAN","40""","LCD (LED)",149,6
"KONKA","55""","LCD (LED)",341,5
"KONKA","32""","LCD (LED)",131,5
"TOSHIBA","85""","LCD (LED)",975,4
"KONKA","50""","LCD (LED)",285,5
"KOGAN","61""","LCD",405,5
"Samsung","83""","LCD (LED)",704,5
"HISENSE","55""","LCD (LED)",339,5
"HISENSE","65""","LCD (LED)",555,4
"HISENSE","75""","LCD (LED)",599,5
"Blaupunkt","65""","LCD (LED)",540,4
"EKO","65""","LCD (LED)",540,4
"Blaupunkt","55""","LCD (LED)",338,5
"EKO","55""","LCD (LED)",338,5
"BLAUPUNKT","50""","LCD",376,3.5
"EKO","24""","LCD",78,5
"BLAUPUNKT","24""","LCD",78,5
"PHILIPS","55""","LCD (LED)",321,5
"PHILIPS","43""","LCD (LED)",327,3
"PHILIPS","43""","LCD (LED)",155,6
"TAVICE","65""","LCD",477,4.5
"Kodak","65""","LCD",358,6
"BAUHN","40""","LCD (LED)",148,6
"JVC","32""","LCD",145,4.5
"FFALCON","65""","LCD (LED)",327,6
"FFALCON","75""","LCD (LED)",500,5.5
"FFALCON","43""","LCD (LED)",178,5.5
"Samsung","65""","LCD (LED)",412,5.5
"TCL","50""","LCD (LED)",390,3.5
"EKO","40""","LCD (LED)",210,4.5
"EKO","24""","LCD",78,5
"KOGAN","65""","LCD (LED)",372,6
"HISENSE","70""","LCD (LED)",415,6
"HISENSE","58""","LCD (LED)",299,6
"HISENSE","75""","LCD (LED)",719,4
"HISENSE","85""","LCD (LED)",780,5
"EKO","32""","LCD (LED)",130,5
"Linsar","86""","LCD",630,6
"SVISION","32""","LCD (LED)",130,5
"EKO","24""","LCD (LED)",82,5
"JVC","75""","LCD (LED)",431,6
"AKAI","65""","LCD",320,6
"EKO","50""","LCD",246,5.5
"TCL","98""","LCD (LED)",890,5.5
"JVC","99""","LCD (LED)",872,5.5
"BAUHN","70""","LCD",395,6
"AKAI","24""","LCD (LED)",60,6
"BLAUPUNKT","40""","LCD",181,5
"Samsung","85""","LCD (LED)",532,6
"AKAI","32""","LCD",90,6
"BLAUPUNKT","75""","LCD",811,3.5
"Samsung","43""","LCD (LED)",259,4
"Samsung","65""","LCD (LED)",426,5
"Samsung","75""","LCD (LED)",510,5.5
"Samsung","50""","LCD (LED)",295,4.5
"Samsung","55""","LCD (LED)",299,5.5
"PHILIPS","75""","LCD (LED)",450,6
"Caixun","32""","LCD (LED)",110,5.5
"JVC","50""","LCD",413,3
"KOGAN","40""","LCD (LED)",158,5.5
"KOGAN","32""","LCD (LED)",130,5
"JVC","55""","LCD",464,3.5
"KOGAN","55""","LCD (LED)",295,5.5
"KOGAN","50""","LCD (LED)",285,5
"Blaupunkt","65""","LCD (LED)",520,4.5
"EKO","65""","LCD (LED)",520,4.5
"EKO","55""","LCD",378,4.5
"Sylvox","75""","LCD (LED)",1122,2
"LG","43""","LCD (LED)",134,7
"LG","50""","LCD (LED)",149,7
"LG","55""","LCD (LED)",181,7
"LG","65""","LCD (LED)",207,8
"PRISM+","75""","LCD (LED)",670,4.5
"EKO","65""","LCD (LED)",581,4
"KOGAN","24""","LCD (LED)",110,3.5
"EKO","42""","LCD (LED)",230,4
"BLAUPUNKT","42""","LCD (LED)",240,4
"EKO","50""","LCD (LED)",400,3
"BLAUPUNKT","50""","LCD (LED)",460,2.5
"EKO","32""","LCD (LED)",130,5
"KOGAN","50""","LCD (LED)",415,3
"KOGAN","55""","LCD (LED)",468,3.5
"KOGAN","65""","LCD (LED)",543,4
"KOGAN","75""","LCD (LED)",772,3.5
"Samsung","50""","LCD (LED)",295,4.5
"Samsung","55""","LCD (LED)",299,5.5
"JVC","32""","LCD",108,5.5
"EKO","65""","LCD",858,2
"Linsar","70""","LCD (LED)",395,6
"BLAUPUNKT","75""","LCD (LED)",656,4.5
"Samsung","43""","LCD (LED)",259,4
"Samsung","65""","LCD (LED)",463,5
"Linsar","65""","LCD",320,6
"Samsung","75""","LCD (LED)",525,5.5
"KOGAN","40""","LCD (LED)",210,4.5
"ENGLAON","27""","LCD (LED)",158,3
"EKO","75""","LCD (LED)",682,4.5
"BLAUPUNKT","75""","LCD (LED)",682,4.5
"BLAUPUNKT","70""","LCD",561,4.5
"JVC","70""","LCD (LED)",470,5.5
"KOGAN","32""","LCD (LED)",145,4.5
"KOGAN","65""","LCD (LED)",809,2.5
"Linsar","51""","LCD (LED)",210,6
"JVC","40""","LCD (LED)",210,4.5
"EKO","32""","LCD (LED)",125,5
"Blaupunkt","32""","LCD (LED)",125,5
"Linsar","55""","LCD (LED)",256,6
"Linsar","61""","LCD",316,6
"Linsar","65""","LCD (LED)",352,6
"Linsar","70""","LCD (LED)",364,6
"EKO","40""","LCD (LED)",183,5
"Blaupunkt","40""","LCD (LED)",183,5
"JVC","43""","LCD",212,5
"JVC","32""","LCD",108,5.5
"KOGAN","75""","LCD (LED)",690,4
"KOGAN","65""","LCD (LED)",560,4
"JVC","55""","LCD",358,4.5
"JVC","43""","LCD",196,5
"Sony","50""","LCD (LED)",310,4.5
"JVC","50""","LCD",407,3
"KOGAN","55""","LCD (LED)",427,4
"Samsung","75""","LCD (LED)",576,5
"BAUHN","24""","LCD",66,6
"KOGAN","24""","LCD (LED)",96,4.5
"KOGAN","50""","LCD (LED)",398,3.5
"BAUHN","55""","LCD (LED)",272,6
"EKO","42""","LCD (LED)",240,4
"BAUHN","40""","LCD (LED)",189,5
"KOGAN","98""","LCD (LED)",1233,4
"Samsung","65""","LCD (LED)",959,1.5
"Samsung","75""","LCD (LED)",985,2.5
"Samsung","85""","LCD (LED)",773,5
"LG","43""","LCD (LED)",247,4
"LG","43""","LCD (LED)",247,4
"LG","50""","LCD (LED)",265,5
"LG","55""","LCD (LED)",338,5
"LG","55""","LCD (LED)",346,4.5
"LG","55""","LCD (LED)",346,4.5
"LG","65""","LCD (LED)",400,5.5
"LG","65""","LCD (LED)",400,5.5
"LG","75""","LCD (LED)",462,6
"LG","75""","LCD (LED)",462,6
"LG","42""","OLED",258,4
"LG","42""","OLED",258,4
"LG","48""","OLED",291,4.5
"LG","48""","OLED",291,4.5
"LG","55""","OLED",368,4.5
"LG","55""","OLED",368,4.5
"LG","55""","OLED",422,4
"LG","55""","OLED",422,4
"LG","65""","OLED",400,5.5
"LG","65""","OLED",400,5.5
"LG","65""","OLED",539,4
"LG","65""","OLED",539,4
"LG","77""","OLED",714,4.5
"LG","77""","OLED",714,4.5
"EKO","50""","LCD (LED)",381,3.5
"Samsung","55""","LCD (LED)",419,4
"Samsung","67""","LCD (LED)",507,4.5
"KOGAN","50""","LCD (LED)",396,3.5
"KOGAN","55""","LCD (LED)",475,3.5
"JVC","40""","LCD (LED)",259,3.5
"EKO","55""","LCD (LED)",470,3.5
"EKO","32""","LCD (LED)",151,4
"Linsar","32""","LCD",89,6
"EKO","24""","LCD (LED)",110,3.5
"Samsung","43""","LCD (LED)",233,4.5
"AKAI","32""","LCD",89,6
"BAUHN","75""","LCD (LED)",474,6
"Sony","55""","LCD (LED)",547,2.5
"Sony","65""","LCD (LED)",634,3.5
"LG","50""","LCD (LED)",251,5.5
"LG","55""","LCD (LED)",320,5
"KOGAN","42""","LCD (LED)",163,6
"KOGAN","24""","LCD (LED)",67,6
"Samsung","98""","LCD (LED)",937,5
"Samsung","55""","LCD (LED)",412,4
"Samsung","65""","LCD (LED)",492,4.5
"VDT","22""","LCD (LED)",78,4.5
"Sylvox","32""","LCD (LED)",101,6
"Sylvox","24""","LCD (LED)",65,6
"Samsung","65""","LCD (LED)",492,4.5
"LOEWE","77""","OLED",395,7
"HISENSE","100""","LCD (LED)",955,5.5
"Sony","43""","LCD (LED)",236,4.5
"JVC","32""","LCD (LED)",130,5
"JVC","43""","LCD (LED)",229,4.5
"Samsung","75""","LCD (LED)",412,6
"Samsung","55""","LCD (LED)",273,6
"Samsung","50""","LCD (LED)",244,5.5
"Samsung","85""","LCD (LED)",521,6
"Samsung","65""","LCD (LED)",317,6
"Samsung","43""","LCD (LED)",237,4.5
"Samsung","50""","LCD (LED)",299,4.5
"Sony","75""","LCD (LED)",737,4
"Sony","85""","LCD (LED)",838,4.5
"Samsung","85""","LCD (LED)",1076,3.5
"Samsung","85""","LCD (LED)",715,5
"Samsung","55""","LCD (LED)",397,4
"Samsung","85""","LCD (LED)",733,5
"Samsung","77""","LCD (LED)",791,4
"Kogan","50""","LCD (LED)",210,6
"KOGAN","43""","LCD (LED)",229,4.5
"LG","43""","LCD (LED)",258,4
"LG","43""","LCD (LED)",269,4
"LG","43""","LCD (LED)",269,4
"LG","50""","LCD (LED)",305,4.5
"LG","50""","LCD (LED)",305,4.5
"LG","50""","LCD (LED)",305,4.5
"LG","55""","LCD (LED)",357,4.5
"LG","55""","LCD (LED)",357,4.5
"LG","55""","LCD (LED)",357,4.5
"LG","65""","LCD (LED)",441,5
"LG","65""","LCD (LED)",441,5
"LG","65""","LCD (LED)",441,5
"LG","75""","LCD (LED)",605,5
"LG","75""","LCD (LED)",605,5
"LG","86""","LCD (LED)",776,5
"LG","86""","LCD (LED)",776,5
"LG","86""","LCD (LED)",776,5
"LG","50""","LCD (LED)",295,4.5
"LG","65""","LCD (LED)",433,5
"LG","65""","LCD (LED)",459,5
"LG","75""","LCD (LED)",492,5.5
"LG","75""","LCD (LED)",550,5
"LG","86""","LCD (LED)",754,5
"LG","48""","OLED",287,4.5
"LG","55""","OLED",338,5
"LG","55""","OLED",338,5
"LG","65""","OLED",448,5
"LG","77""","OLED",524,5.5
"LG","77""","OLED",565,5.5
"LG","83""","OLED",795,4.5
"AKAI","75""","LCD (LED)",474,6
"EKO","32""","LCD (LED)",131,5
"Q.Bell","32""","LCD (LED)",131,5
"LG","50""","LCD (LED)",295,4.5
"LG","65""","LCD (LED)",433,5
"LG","65""","LCD (LED)",459,5
"LG","86""","LCD (LED)",572,6
"LG","86""","LCD (LED)",572,6
"LG","86""","LCD (LED)",754,5
"LG","65""","OLED",448,5
"TCL","85""","LCD (LED)",1645,1.5
"LG","77""","OLED",524,5.5
"LG","77""","OLED",565,5.5
"LG","83""","OLED",795,4.5
"LG","75""","LCD (LED)",492,5.5
"LG","75""","LCD (LED)",550,5
"Samsung","75""","LCD (LED)",726,4
"Samsung","85""","LCD (LED)",945,4
"Samsung","65""","LCD (LED)",540,4
"Samsung","50""","LCD (LED)",302,4.5
"Samsung","65""","LCD (LED)",536,4
"Samsung","65""","LCD (LED)",562,4
"Samsung","55""","LCD (LED)",405,4
"Samsung","55""","LCD (LED)",397,4
"Samsung","65""","LCD (LED)",521,4
"Samsung","75""","LCD (LED)",576,5
"Samsung","55""","LCD (LED)",288,5.5
"Samsung","43""","LCD (LED)",339,3
"Samsung","75""","LCD (LED)",1047,2.5
"Samsung","55""","LCD (LED)",412,4
"Samsung","55""","LCD (LED)",401,4
"Samsung","50""","LCD (LED)",343,4
"Samsung","55""","LCD (LED)",437,3.5
"Samsung","65""","LCD (LED)",565,4
"Samsung","75""","LCD (LED)",697,4
"Samsung","65""","LCD (LED)",952,1.5
"Samsung","85""","LCD (LED)",806,4.5
"LG","43""","LCD (LED)",258,4
"LG","50""","LCD (LED)",331,4
"LG","55""","LCD (LED)",411,4
"LG","65""","LCD (LED)",528,4
"LG","75""","LCD (LED)",663,4.5
"LG","86""","LCD (LED)",915,4
"LG","86""","LCD (LED)",565,6
"LG","86""","LCD (LED)",565,6
"LG","83""","OLED",707,5
"LG","83""","OLED",707,5
"Samsung","85""","LCD (LED)",704,5
"Samsung","75""","LCD (LED)",529,5.5
"Sony","55""","LCD (LED)",440,3.5
"Sony","65""","LCD (LED)",517,4.5
"Samsung","75""","LCD (LED)",653,4.5
"Samsung","85""","LCD (LED)",788,4.5
"Dynalink","24""","LCD",76,5.5
"TECO","65""","LCD (LED)",404,5.5
"AIWA","24""","LCD",91,4.5
"Q.Bell","50""","LCD (LED)",317,4.5
"Samsung","75""","LCD (LED)",456,6
"Samsung","85""","LCD (LED)",631,5.5
"HISENSE","65""","LCD (LED)",464,5
"HISENSE","75""","LCD (LED)",659,4.5
"BAUHN","51""","LCD (LED)",210,6
"Kogan","85""","LCD (LED)",1090,3.5
"Samsung","55""","LCD (LED)",401,4
"Sony","75""","LCD (LED)",660,4.5
"Samsung","65""","LCD (LED)",478,4.5
"Sony","85""","LCD (LED)",845,4.5
"Samsung","85""","LCD (LED)",1237,2.5
"Samsung","75""","LCD (LED)",503,5.5
"Samsung","85""","LCD (LED)",525,6
"EKO","42""","LCD",205,5
"Sony","85""","LCD (LED)",1002,3.5
"Sony","75""","LCD (LED)",878,3
"Samsung","75""","LCD (LED)",598,5
"KOGAN","24""","LCD",94,4.5
"Samsung","50""","LCD (LED)",270,5
"KOGAN","24""","LCD",83,5
"S VISION","56""","LCD (LED)",379,4.5
"CHiQ","85""","LCD (LED)",974,4
"EKO","65""","LCD (LED)",554,4
"KOGAN","32""","LCD",131,5
"BLAUPUNKT","32""","LCD (LED)",133,4.5
"Samsung","48""","LCD (LED)",295,4.5
"EKO","75""","LCD",811,3.5
"EKO","70""","LCD",592,4.5
"LG","55""","OLED",368,4.5
"LG","55""","OLED",368,4.5
"LG","97""","OLED",802,6
"Samsung","65""","LCD (LED)",419,5
"Samsung","65""","LCD (LED)",448,5
"Samsung","43""","LCD (LED)",262,4
"Samsung","55""","LCD (LED)",291,5.5
"Samsung","50""","LCD (LED)",262,5
"Samsung","55""","LCD (LED)",357,4.5
"KOGAN","85""","LCD (LED)",974,4
"KOGAN","75""","LCD (LED)",681,4.5
"Samsung","50""","LCD (LED)",306,4.5
"TECO","58""","LCD (LED)",349,5
"TECO","43""","LCD (LED)",214,5
"AIWA","40""","LCD",189,5
"AIWA","65""","LCD",404,5.5
"Kogan","70""","LCD (LED)",538,5
"Samsung","98""","LCD (LED)",1215,4
"EKO","50""","LCD",376,3.5
"KOGAN","43""","LCD (LED)",338,3
"EKO","65""","LCD (LED)",511,4.5
"TCL","43""","LCD (LED)",240,4.5
"Linsar","40""","LCD (LED)",144,6
"TCL","50""","LCD (LED)",300,4.5
"TCL","55""","LCD (LED)",367,4.5
"TCL","65""","LCD (LED)",440,5
"TCL","75""","LCD (LED)",515,5.5
"TCL","65""","LCD (LED)",716,3
"TCL","75""","LCD (LED)",925,3
"TCL","85""","LCD (LED)",940,4
"TCL","98""","LCD (LED)",853,5.5
"FFALCON","43""","LCD (LED)",170,6
"FFALCON","50""","LCD (LED)",200,6
"FFALCON","55""","LCD (LED)",240,6
"FFALCON","65""","LCD (LED)",350,6
"FFALCON","75""","LCD (LED)",460,6
"LG","98""","LCD (LED)",999,5
"Samsung","77""","LCD (LED)",642,5
"Samsung","83""","LCD (LED)",795,4.5
"Sony","55""","OLED",372,4.5
"Sony","65""","OLED",437,5
"LG","65""","OLED",630,3.5
"LG","77""","OLED",806,4
"LG","83""","OLED",886,4
"LG","97""","OLED",802,6
"LG","97""","OLED",893,5.5
"LG","97""","OLED",893,5.5
"EKO","55""","LCD",349,4.5
"TCL","50""","LCD (LED)",390,3.5
"TCL","55""","LCD (LED)",381,4.5
"TCL","65""","LCD (LED)",440,5
"TCL","75""","LCD (LED)",550,5
"TCL","85""","LCD (LED)",660,5.5
"TCL","98""","LCD (LED)",890,5.5
"Sony","77""","OLED",562,5.5
"TCL","98""","LCD (LED)",909,5.5
"LG","43""","LCD (LED)",247,4
"LG","43""","LCD (LED)",247,4
"LG","50""","LCD (LED)",251,5.5
"LG","55""","LCD (LED)",335,5
"LG","65""","LCD (LED)",419,5
"LG","75""","LCD (LED)",462,6
"BLAUPUNKT","24""","LCD",94,4.5
"BLAUPUNKT","24""","LCD",107,4
"BLAUPUNKT","65""","LCD",358,6
"BAUHN","61""","LCD",299,6
"Yokohama","24""","LCD (LED)",76,5.5
"Kogan","55""","LCD (LED)",427,4
"Kogan","65""","LCD (LED)",560,4
"Kogan","75""","LCD (LED)",690,4
"Kogan","50""","LCD (LED)",398,3.5
"AIWA","65""","LCD (LED)",468,4.5
"JVC","50""","LCD (LED)",210,6
"THOMSON","43""","LCD (LED)",194,5.5
"CHiQ","65""","LCD (LED)",404,5.5
"Samsung","43""","LCD (LED)",251,4
"Samsung","50""","LCD (LED)",262,5
"Samsung","55""","LCD (LED)",291,5.5
"Samsung","65""","LCD (LED)",419,5
"Samsung","75""","LCD (LED)",503,5.5
"BLAUPUNKT","50""","LCD (LED)",400,3
"BLAUPUNKT","70""","LCD (LED)",550,4.5
"Samsung","85""","LCD (LED)",525,6
"TECO","24""","LCD (LED)",67,6
"Samsung","43""","LCD (LED)",291,3.5
"Samsung","55""","LCD (LED)",328,5
"Samsung","65""","LCD (LED)",463,5
"TECO","32""","LCD (LED)",105,6
"Sylvox","28""","LCD",59,7
"HISENSE","55""","LCD (LED)",381,4.5
"LG","32""","LCD (LED)",95,6
"Samsung","50""","LCD (LED)",343,4
"Kogan","50""","LCD (LED)",284,5
"Kogan","65""","LCD (LED)",371,6
"Kogan","75""","LCD (LED)",488,6
"Kogan","55""","LCD (LED)",302,5.5
"Kogan","43""","LCD (LED)",214,5
"Kogan","40""","LCD (LED)",148,6
"Kogan","32""","LCD (LED)",104,6
"EKO","65""","LCD",407,5.5
"EKO","55""","LCD",301,5.5
"Kogan","66""","LCD (LED)",532,4.5
"JVC","32""","LCD (LED)",145,4.5
"TOSHIBA","43""","LCD (LED)",242,4.5
"TOSHIBA","50""","LCD (LED)",254,5.5
"TOSHIBA","55""","LCD (LED)",269,6
"TOSHIBA","65""","LCD (LED)",369,6
"TOSHIBA","75""","LCD (LED)",389,7
"TOSHIBA","85""","LCD (LED)",599,6
"TECO","70""","LCD (LED)",532,5
"EKO","70""","LCD (LED)",667,4
"Sylvox","16""","LCD (LED)",58,4.5
"JVC","40""","LCD (LED)",198,4.5
"Samsung","43""","LCD (LED)",251,4
"Samsung","65""","LCD (LED)",379,5.5
"JVC","65""","LCD (LED)",415,5.5
"EKO","65""","LCD (LED)",422,5
"Hubbl","65""","LCD (LED)",240,7
"SYLVOX","40""","LCD",92,8
"CHiQ","70""","LCD (LED)",481,5.5
"TCL","115""","LCD (LED)",2652,2
"CHiQ","32""","LCD (LED)",116,5.5
"EKO","42""","LCD",180,5.5
"BLAUPUNKT","75""","LCD (LED)",648,4.5
"EKO","70""","LCD (LED)",550,4.5
"AIWA","24""","LCD (LED)",82,5
"HISENSE","85""","LCD (LED)",829,4.5
"Blaupunkt","65""","LCD (LED)",422,5
"TELEFUNKEN","24""","LCD",107,4
"EKO","43""","LCD (LED)",208,5
"BLAUPUNKT","50""","LCD (LED)",370,3.5
"BLAUPUNKT","66""","LCD (LED)",483,4.5
"BAUHN","32""","LCD (LED)",101,6
"AIWA","50""","LCD (LED)",211,6
"BLAUPUNKT","43""","LCD (LED)",208,5
"BLAUPUNKT","55""","LCD",277,5.5
"BLAUPUNKT","40""","LCD (LED)",173,5
"Samsung","55""","LCD (LED)",755,1
"TELEFUNKEN","32""","LCD (LED)",131,5
"Kogan","75""","LCD (LED)",609,5
"BLAUPUNKT","32""","LCD (LED)",125,5
"EKO","55""","LCD",277,5.5
"LG","32""","LCD (LED)",90,6
"TELEFUNKEN","55""","LCD (LED)",379,4.5
"Kogan","48""","OLED",331,4
"SVISION","43""","LCD",165,6
"BLAUPUNKT","98""","LCD (LED)",1284,4
"HISENSE","55""","LCD (LED)",339,5
"HISENSE","65""","LCD (LED)",416,5.5
"HISENSE","75""","LCD (LED)",547,5.5
"HISENSE","85""","LCD (LED)",780,5
"Samsung","65""","LCD (LED)",952,1.5
"Samsung","75""","LCD (LED)",1178,2
"AIWA","32""","LCD (LED)",116,5.5
"Kogan","55""","OLED",378,4.5
"Sylvox","16""","LCD (LED)",56,4.5
"TCL","85""","LCD (LED)",750,5
"KOGAN","19""","LCD",62,5
"HISENSE","43""","LCD (LED)",229,4.5
"HISENSE","50""","LCD (LED)",227,6
"HISENSE","65""","LCD (LED)",369,6
"HISENSE","75""","LCD (LED)",489,6
"HISENSE","85""","LCD (LED)",696,5.5
"TOSHIBA","55""","LCD (LED)",426,4
"TOSHIBA","65""","LCD (LED)",639,3.5
"TOSHIBA","75""","LCD (LED)",683,4.5
"TOSHIBA","85""","LCD (LED)",969,4
"TOSHIBA","100""","LCD (LED)",1070,5
"BAUHN","70""","LCD (LED)",400,6
"HISENSE","55""","LCD (LED)",239,6
"BLAUPUNKT","85""","LCD",980,3.5
"KOGAN","55""","LCD (LED)",375,4.5
"SVISION","50""","LCD",315,4.5
"BLAUPUNKT","85""","LCD (LED)",722,5
"Kogan","55""","LCD (LED)",425,4
"Kogan","50""","LCD (LED)",395,3.5
"Kogan","65""","LCD (LED)",580,4
"EKO","65""","LCD",463,5
"Kogan","65""","OLED",459,5
"EKO","55""","LCD",426,4
"Kogan","32""","LCD (LED)",145,4.5
"Kogan","42""","LCD (LED)",205,5
"JVC","55""","LCD (LED)",247,6
"CHiQ","98""","LCD (LED)",1233,4
"LOEWE","77""","OLED",833,3.5
"LG","75""","LCD (LED)",605,5
"Linsar","24""","LCD",66,6
"BAUHN","75""","LCD",490,6
"EKO","50""","LCD (LED)",317,4.5
"Kogan","55""","LCD (LED)",378,4.5
"Kogan","75""","LCD (LED)",680,4.5
"AIWA","40""","LCD (LED)",198,4.5
"HISENSE","32""","LCD (LED)",93,6
"HISENSE","40""","LCD (LED)",121,7
"EKO","32""","LCD",130,5
"HISENSE","100""","LCD (LED)",999,5
"HISENSE","75""","LCD (LED)",720,4
"HISENSE","85""","LCD (LED)",1079,3.5
"HISENSE","65""","LCD (LED)",569,4
"Brooklyn","32""","LCD (LED)",125,5
"Linsar","61""","LCD",299,6
"BLAUPUNKT","32""","LCD (LED)",130,5
"EKO","55""","LCD",323,5
"Samsung","43""","LCD (LED)",262,4
"Samsung","50""","LCD (LED)",306,4.5
"Samsung","55""","LCD (LED)",357,4.5
"Samsung","65""","LCD (LED)",448,5
"Samsung","75""","LCD (LED)",598,5
"Samsung","85""","LCD (LED)",715,5
"AIWA","70""","LCD (LED)",576,4.5
"Kogan","85""","LCD (LED)",1090,3.5
"LG","43""","LCD (LED)",269,4
"LG","43""","LCD (LED)",258,4
"LG","50""","LCD (LED)",305,4.5
"LG","50""","LCD (LED)",305,4.5
"LG","55""","LCD (LED)",357,4.5
"LG","55""","LCD (LED)",357,4.5
"LG","65""","LCD (LED)",441,5
"LG","65""","LCD (LED)",441,5
"LG","75""","LCD (LED)",605,5
"LG","75""","LCD (LED)",605,5
"LG","86""","LCD (LED)",776,5
"LG","86""","LCD (LED)",776,5
"EKO","70""","LCD",530,5
"EKO","75""","LCD",610,5
"EKO","75""","LCD",600,5
"EKO","70""","LCD",530,5
"AOA","40""","LCD",176,5
"AOA","32""","LCD",119,5
"AIWA","50""","OLED",276,5
"EKO","55""","LCD",404,4
"Kogan","100""","LCD (LED)",1497,3.5
"Kogan","65""","LCD (LED)",579,4
"Kogan","70""","LCD (LED)",538,5
"EKO","55""","LCD",340,5
"Blaupunkt","55""","LCD",340,5
"EKO","66""","LCD",465,5
"TCL","85""","LCD (LED)",840,4.5
"HISENSE","70""","LCD (LED)",430,6
"TOSHIBA","32""","LCD (LED)",97,6
"TOSHIBA","43""","LCD (LED)",137,7
"HISENSE","65""","LCD (LED)",639,3.5
"JVC","19""","LCD",73,4
"LG","43""","LCD (LED)",134,7
"LG","50""","LCD (LED)",149,7
"LG","55""","LCD (LED)",181,7
"LG","65""","LCD (LED)",207,8
"TCL","85""","LCD (LED)",600,6
"TCL","75""","LCD (LED)",500,5.5
"TCL","65""","LCD (LED)",425,5
"TCL","55""","LCD (LED)",372,4.5
"EKO","40""","LCD (LED)",166,5.5
"LG","98""","LCD (LED)",1434,3.5
"AIWA","24""","LCD (LED)",105,4
"AIWA","32""","LCD (LED)",145,4.5
"QBELL","50""","LCD (LED)",400,3
"QBELL","70""","LCD (LED)",550,4.5
"Sphere","24""","LCD (LED)",74,5.5
"Sphere","28""","LCD (LED)",92,5.5
"BAUHN","32""","LCD (LED)",101,6
"KOGAN","75""","LCD (LED)",643,4.5
"KOGAN","85""","LCD (LED)",868,4.5
"KOGAN","32""","LCD (LED)",152,4
"TECO","32""","LCD (LED)",140,4.5
"HYUNDAI","50""","LCD (LED)",227,6
"HYUNDAI","55""","LCD (LED)",268,6
"HYUNDAI","66""","LCD (LED)",373,6
"HYUNDAI","75""","LCD (LED)",477,6
"Altius","32""","LCD (LED)",102,6
"AIWA","42""","LCD (LED)",210,4.5
"Kogan","86""","LCD (LED)",1117,3.5
"EKO","55""","LCD (LED)",379,4.5
"EKO","65""","LCD",540,4
"BAUHN","43""","LCD",172,6
"BAUHN","55""","LCD (LED)",256,6
"ENGLAON","24""","LCD (LED)",106,4
"ENGLAON","32""","LCD (LED)",145,4.5
"ENGLAON","40""","LCD (LED)",152,5.5
"EKO","70""","LCD (LED)",850,2.5
"HYUNDAI","55""","LCD (LED)",379,4.5
"Kogan","24""","LCD (LED)",95,4.5
"Kogan","32""","LCD (LED)",131,5
"Blaupunkt","58""","LCD",433,4
"JVC","42""","LCD",150,6
"PHILIPS","85""","LCD (LED)",463,7
"PHILIPS","32""","LCD (LED)",106,5.5
"PHILIPS","65""","LCD (LED)",488,4.5
"PHILIPS","24""","LCD (LED)",69,5.5
"PHILIPS","55""","LCD (LED)",411,4
"Kogan","65""","LCD (LED)",371,6
"PHILIPS","50""","LCD (LED)",386,3.5
"Kogan","75""","LCD (LED)",608,5
"PHILIPS","55""","LCD (LED)",470,3.5
"PHILIPS","65""","LCD (LED)",645,3.5
"Samsung","98""","LCD (LED)",1215,4
"BAUHN","70""","LCD",397,6
"Palsonic","65""","LCD (LED)",439,5
"HYUNDAI","65""","LCD (LED)",576,4
"AOA","19""","LCD (LED)",58,5
"BLAUPUNKT","24""","LCD (LED)",76,5.5
"EKO","70""","LCD",561,4.5
"Linsar","32""","LCD (LED)",102,6
"AKAI","32""","LCD (LED)",101,6
"AKAI","43""","LCD",172,6
"AKAI","55""","LCD (LED)",256,6
"SONIQ","65""","LCD",340,6
"Polaroid","70""","LCD",397,6
"EKO","32""","LCD (LED)",131,5
"AIWA","32""","LCD (LED)",125,5
"QBELL","32""","LCD (LED)",131,5
"SVISION","43""","LCD (LED)",159,6
"Samsung","50""","LCD (LED)",335,4
"Samsung","65""","LCD (LED)",426,5
"Samsung","55""","LCD (LED)",375,4.5
"Kogan","50""","LCD (LED)",250,5.5
"KOGAN","77""","OLED",540,5.5
"KOGAN","100""","OLED",1670,3
"Kogan","55""","LCD (LED)",280,5.5
"Kogan","65""","LCD (LED)",400,5.5
"LG","86""","LCD (LED)",776,5
"LG","86""","LCD (LED)",776,5
"LG","55""","OLED",371,4.5
"LG","55""","OLED",371,4.5
"LG","55""","OLED",353,4.5
"LG","55""","OLED",353,4.5
"LG","65""","OLED",455,5
"LG","65""","OLED",455,5
"LG","77""","OLED",597,5
"LG","77""","OLED",597,5
"LG","83""","OLED",692,5
"LG","83""","OLED",692,5
"BAUHN","24""","LCD",68,6
"CHiQ","75""","LCD",608,5
"Linsar","24""","LCD",68,6
"DGTEC","24""","LCD (LED)",78,5
"EKO","65""","LCD",416,5.5
"EKO","55""","LCD",339,5
"QBELL","55""","LCD",339,5
"Sony","55""","OLED",341,5
"Sony","65""","OLED",381,5.5
"EKO","50""","LCD (LED)",284,5
"QBELL","50""","LCD (LED)",284,5
"LG","50""","LCD (LED)",251,5.5
"LG","50""","LCD (LED)",251,5.5
"LG","48""","OLED",280,4.5
"LG","48""","OLED",280,4.5
"LG","55""","OLED",324,5
"LG","55""","OLED",324,5
"LG","65""","OLED",389,5.5
"LG","65""","OLED",389,5.5
"QBELL","40""","LCD (LED)",189,5
"PHILIPS","40""","LCD (LED)",167,5.5
"EKO","42""","LCD (LED)",204,5
"PHILIPS","32""","LCD (LED)",145,4.5
"LG","42""","OLED",240,4
"LG","42""","OLED",240,4
"LG","77""","OLED",561,5.5
"LG","77""","OLED",561,5.5
"LG","55""","LCD (LED)",302,5.5
"LG","55""","LCD (LED)",302,5.5
"LG","65""","LCD (LED)",386,5.5
"LG","65""","LCD (LED)",386,5.5
"AOA","50""","LCD (LED)",270,5
"PHILIPS","79""","OLED",798,4
"LG","65""","LCD (LED)",433,5
"LG","65""","LCD (LED)",433,5
"LG","65""","LCD (LED)",360,6
"LG","65""","LCD (LED)",360,6
"LG","75""","LCD (LED)",605,5
"LG","75""","LCD (LED)",605,5
"LG","75""","LCD (LED)",389,7
"LG","75""","LCD (LED)",389,7
"LG","75""","LCD (LED)",389,7
"LG","86""","LCD (LED)",484,7
"AIWA","58""","LCD",331,5.5
"JVC","70""","LCD",550,4.5
"LG","86""","LCD (LED)",484,7
"LG","48""","OLED",273,4.5
"LG","43""","LCD (LED)",258,4
"LG","43""","LCD (LED)",258,4
"LG","43""","LCD (LED)",236,4.5
"LG","43""","LCD (LED)",236,4.5
"LG","50""","LCD (LED)",305,4.5
"LG","50""","LCD (LED)",305,4.5
"LG","55""","LCD (LED)",338,5
"LG","55""","LCD (LED)",338,5
"LG","55""","LCD (LED)",302,5.5
"LG","55""","LCD (LED)",302,5.5
"PHILIPS","50""","LCD (LED)",375,3.5
"PHILIPS","55""","LCD (LED)",404,4
"Samsung","43""","LCD (LED)",182,5.5
"Linsar","24""","LCD",68,6
"PRISM+","55""","LCD (LED)",320,5
"PRISM+","65""","LCD (LED)",450,5
"PRISM+","75""","LCD (LED)",580,5
"EKO","32""","LCD (LED)",131,5
"LG","65""","OLED",422,5
"LG","65""","OLED",422,5
"LG","77""","OLED",495,6
"LG","77""","OLED",495,6
"LG","55""","LCD (LED)",338,5
"LG","65""","LCD (LED)",360,6
"LG","86""","LCD (LED)",484,7
"LG","50""","LCD (LED)",251,5.5
"LG","86""","LCD (LED)",506,7
"LG","86""","LCD (LED)",506,7
"QBELL","70""","LCD (LED)",690,3.5
"PHILIPS","75""","LCD (LED)",667,4.5
"PHILIPS","66""","LCD (LED)",462,5
"PHILIPS","86""","LCD (LED)",963,4
"JVC","32""","LCD (LED)",110,5.5
"JVC","43""","LCD (LED)",163,6
"JVC","65""","LCD (LED)",448,5
"JVC","55""","LCD (LED)",247,6
"JVC","75""","LCD (LED)",466,6
"BLAUPUNKT","70""","LCD (LED)",690,3.5
"LG","50""","LCD (LED)",298,4.5
"LG","75""","LCD (LED)",389,7
"LG","83""","OLED",692,5
"LG","83""","OLED",692,5
"TCL","55""","LCD (LED)",425,4
"TCL","50""","LCD (LED)",353,4
"TCL","75""","LCD (LED)",755,4
"TCL","85""","LCD (LED)",768,5
"TCL","55""","LCD (LED)",380,4.5
"TCL","65""","LCD (LED)",460,5
"TCL","75""","LCD (LED)",600,5
"TCL","85""","LCD (LED)",768,5
"BAUHN","70""","LCD (LED)",400,6
"BLAUPUNKT","40""","LCD",186,5
"BLAUPUNKT","32""","LCD",130,5
"Sony","55""","LCD (LED)",414,4
"Sony","65""","LCD (LED)",556,4
"BLAUPUNKT","75""","LCD",811,3.5
"EKO","75""","LCD",811,3.5
"LG","65""","LCD (LED)",515,4.5
"LG","65""","LCD (LED)",515,4.5
"LG","75""","LCD (LED)",561,5
"LG","75""","LCD (LED)",561,5
"LG","86""","LCD (LED)",685,5.5
"LG","86""","LCD (LED)",685,5.5
"JVC","50""","LCD (LED)",210,6
"BLAUPUNKT","55""","LCD",349,4.5
"EKO","55""","LCD",349,4.5
"EKO","50""","LCD",376,3.5
"BLAUPUNKT","50""","LCD",376,3.5
"Samsung","65""","LCD (LED)",908,2
"TCL","98""","LCD (LED)",700,6
"Samsung","43""","LCD (LED)",259,4
"Samsung","55""","LCD (LED)",408,4
"Samsung","48""","LCD (LED)",291,4.5
"Samsung","55""","LCD (LED)",401,4
"BLAUPUNKT","50""","LCD (LED)",224,6
"Samsung","83""","LCD (LED)",791,4.5
"Samsung","77""","LCD (LED)",507,6
"AIWA","43""","LCD (LED)",170,6
"AIWA","65""","LCD (LED)",371,6
"BLAUPUNKT","65""","LCD",580,4
"AIWA","55""","LCD (LED)",397,4
"AIWA","65""","LCD (LED)",541,4
"AKAI","40""","LCD (LED)",149,6
"AIWA","50""","LCD (LED)",321,4
"EKO","50""","LCD (LED)",224,6
"LG","43""","LCD (LED)",258,4
"LG","50""","LCD (LED)",305,4.5
"LG","55""","LCD (LED)",338,5
"LG","65""","OLED",514,4.5
"LG","65""","OLED",514,4.5
"TCL","55""","LCD (LED)",284,5.5
"TCL","50""","LCD (LED)",245,5.5
"Samsung","65""","LCD (LED)",565,4
"Samsung","55""","LCD (LED)",383,4
"BAUHN","32""","LCD",101,6
"PHILIPS","75""","LCD (LED)",824,3.5
"Samsung","55""","LCD (LED)",401,4
"HISENSE","55""","LCD (LED)",381,4.5
"HISENSE","65""","LCD (LED)",416,5.5
"EKO","65""","LCD",580,4
"Samsung","65""","LCD (LED)",474,4.5
"Samsung","65""","LCD (LED)",532,4
"Samsung","77""","LCD (LED)",638,5
"Samsung","55""","LCD (LED)",405,4
"HYUNDAI","50""","LCD (LED)",217,6
"HYUNDAI","55""","LCD (LED)",263,6
"HYUNDAI","65""","LCD (LED)",338,6
"HYUNDAI","75""","LCD (LED)",451,6
"EKO","43""","LCD",196,5
"BAUHN","55""","LCD",270,6
"PHILIPS","65""","LCD (LED)",722,3
"PHILIPS","86""","LCD (LED)",1163,3
"Sony","75""","LCD (LED)",719,4
"LG","77""","OLED",667,4.5
"LG","43""","LCD (LED)",258,4
"LG","77""","OLED",654,4.5
"Sony","85""","LCD (LED)",797,4.5
"LG","77""","OLED",654,4.5
"LG","83""","OLED",785,4.5
"LG","83""","OLED",785,4.5
"Samsung","42""","LCD (LED)",248,4
"Samsung","43""","LCD (LED)",229,4.5
"Samsung","55""","LCD (LED)",394,4
"Samsung","65""","LCD (LED)",518,4.5
"Samsung","65""","LCD (LED)",503,4.5
"Samsung","65""","LCD (LED)",558,4
"TCL","65""","LCD (LED)",510,4.5
"Samsung","75""","LCD (LED)",572,5
"Samsung","75""","LCD (LED)",992,2.5
"Samsung","75""","LCD (LED)",554,5
"Samsung","77""","LCD (LED)",791,4
"Samsung","83""","LCD (LED)",682,5
"Samsung","85""","LCD (LED)",729,5
"Samsung","85""","LCD (LED)",1047,3.5
"Samsung","85""","LCD (LED)",773,5
"Samsung","85""","LCD (LED)",1317,2.5
"Samsung","98""","LCD (LED)",886,5.5
"TCL","65""","LCD (LED)",320,6
"Samsung","65""","LCD (LED)",1032,1
"TCL","43""","LCD (LED)",220,4.5
"LG","97""","OLED",835,5.5
"LG","97""","OLED",835,5.5
"LG","97""","OLED",926,5
"LG","97""","OLED",926,5
"Samsung","43""","LCD (LED)",255,4
"Samsung","75""","LCD (LED)",565,5
"Samsung","65""","LCD (LED)",565,4
"Samsung","83""","LCD (LED)",908,4
"Samsung","85""","LCD (LED)",718,5
"Samsung","75""","LCD (LED)",664,4.5
"Samsung","65""","LCD (LED)",448,5
"Samsung","55""","LCD (LED)",291,5.5
"Samsung","50""","LCD (LED)",277,5
"Samsung","43""","LCD (LED)",251,4
"Sony","98""","LCD (LED)",1306,3.5
"Samsung","55""","LCD (LED)",394,4
"Samsung","51""","LCD (LED)",368,4
"Samsung","75""","LCD (LED)",748,4
"Samsung","85""","LCD (LED)",908,4
"LG","100""","LCD (LED)",952,5.5
"LG","100""","LCD (LED)",952,5.5
"Samsung","55""","LCD (LED)",408,4
"SKYWORTH","24""","LCD (LED)",76,5.5
"Samsung","65""","LCD (LED)",514,4.5
"Samsung","75""","LCD (LED)",609,5
"Samsung","85""","LCD (LED)",773,5
"Samsung","50""","LCD (LED)",339,4
"Samsung","65""","LCD (LED)",562,4
"Samsung","75""","LCD (LED)",693,4
"Samsung","85""","LCD (LED)",806,4.5
"Samsung","50""","LCD (LED)",284,5
"Monster","24""","LCD (LED)",59,6
"Monster","32""","LCD (LED)",60,8
"Samsung","55""","LCD (LED)",310,5
"Samsung","65""","LCD (LED)",948,1.5
"Samsung","85""","LCD (LED)",1208,3
"Samsung","85""","LCD (LED)",686,5.5
"Samsung","100""","LCD (LED)",1032,5
"AIWA","55""","LCD (LED)",258,6
"LG","55""","LCD (LED)",334,5
"LG","50""","LCD (LED)",297,4.5
"LG","86""","LCD (LED)",568,6
"LG","43""","LCD (LED)",242,4.5
"LG","75""","LCD (LED)",502,5.5
"LG","65""","LCD (LED)",422,5
"LG","50""","LCD (LED)",251,5.5
"LG","75""","LCD (LED)",389,7
"BAUHN","44""","LCD",172,6
"Samsung","75""","LCD (LED)",1043,2.5
"Samsung","55""","LCD (LED)",412,4
"Samsung","65""","LCD (LED)",481,4.5
"Samsung","75""","LCD (LED)",653,4.5
"Samsung","85""","LCD (LED)",806,4.5
"Samsung","65""","LCD (LED)",430,5
"Samsung","75""","LCD (LED)",525,5.5
"EMETE","55""","LCD (LED)",391,4
"EMETE","65""","LCD (LED)",415,5.5
"EMETE","75""","LCD (LED)",650,4.5
"EMETE","85""","LCD (LED)",740,5
"EMETE","100""","LCD (LED)",1201,4
"TCL","85""","LCD (LED)",826,4.5
"TCL","65""","LCD (LED)",450,5
"TCL","75""","LCD (LED)",547,5.5
"TCL","98""","LCD (LED)",769,6
"LG","83""","OLED",554,6
"LG","83""","OLED",554,6
"TCL","75""","LCD (LED)",460,6
"EKO","40""","LCD",186,5
"EKO","50""","LCD (LED)",284,5
"Kogan","55""","LCD (LED)",258,6
"BLAUPUNKT","40""","LCD",230,4
"EKO","40""","LCD",230,4
"LG","65""","LCD (LED)",433,5
"LG","65""","LCD (LED)",678,3
"LG","75""","LCD (LED)",806,3.5
"HISENSE","32""","LCD (LED)",89,6
"HISENSE","75""","LCD (LED)",479,6
"LG","85""","LCD (LED)",952,4
"Kogan","24""","LCD (LED)",85,5
"EKO","70""","LCD (LED)",690,3.5
"COOCAA","32""","LCD (LED)",100,6
"EKO","32""","LCD",130,5
"HISENSE","40""","LCD (LED)",121,7
"JVC","40""","LCD (LED)",151,6
"Linsar","70""","LCD (LED)",397,6
"JVC","43""","LCD (LED)",194,5.5
"JVC","55""","LCD (LED)",466,3.5
"JVC","56""","LCD (LED)",302,5.5
"JVC","65""","LCD (LED)",640,3.5
"JVC","66""","LCD (LED)",448,5
"EKO","32""","LCD (LED)",127,5
"Linsar","61""","LCD",320,6
"AIWA","40""","LCD",123,6
"PHILIPS","55""","LCD (LED)",532,3
"Samsung","43""","LCD (LED)",251,4
"Samsung","50""","LCD (LED)",291,4.5
"TCL","98""","LCD (LED)",800,6
"LG","55""","LCD (LED)",338,5
"LG","55""","LCD (LED)",338,5
"LG","65""","LCD (LED)",433,5
"LG","65""","LCD (LED)",433,5
"TOSHIBA","55""","LCD (LED)",305,5.5
"TOSHIBA","65""","LCD (LED)",416,5.5
"TOSHIBA","75""","LCD (LED)",489,6
"TOSHIBA","85""","LCD (LED)",688,5.5
"Samsung","55""","LCD (LED)",416,4
"PHILIPS","65""","OLED",493,4.5
"Samsung","65""","LCD (LED)",499,4.5
"PHILIPS","55""","OLED",391,4
"Samsung","65""","LCD (LED)",992,1.5
"Samsung","75""","LCD (LED)",1244,1.5
"BAUHN","75""","LCD",485,6
"Samsung","75""","LCD (LED)",499,5.5
"Samsung","65""","LCD (LED)",416,5.5
"Samsung","55""","LCD (LED)",291,5.5
"Samsung","43""","LCD (LED)",251,4
"Samsung","50""","LCD (LED)",262,5
"Samsung","85""","LCD (LED)",521,6
"FFALCON","43""","LCD (LED)",175,5.5
"FFALCON","50""","LCD (LED)",205,6
"FFALCON","55""","LCD (LED)",261,6
"FFALCON","65""","LCD (LED)",320,6
"FFALCON","75""","LCD (LED)",400,6
"HISENSE","55""","LCD (LED)",379,4.5
"HISENSE","65""","LCD (LED)",465,5
"coocaa","55""","LCD (LED)",280,5.5
"HISENSE","85""","LCD (LED)",759,5
"HISENSE","100""","LCD (LED)",888,5.5
"HISENSE","75""","LCD (LED)",579,5
"Samsung","98""","LCD (LED)",1310,3.5
"KOGAN","50""","LCD (LED)",247,5.5
"HISENSE","43""","LCD (LED)",203,5
"HISENSE","50""","LCD (LED)",239,5.5
"HISENSE","55""","LCD (LED)",259,6
"HISENSE","65""","LCD (LED)",399,5.5
"HISENSE","85""","LCD (LED)",698,5.5
"TCL","85""","LCD (LED)",980,3.5
"TCL","115""","LCD (LED)",1100,6
"AKAI","40""","LCD",150,6
"TCL","32""","LCD (LED)",130,5
"TCL","40""","LCD (LED)",140,6
"SKYWORTH","55""","LCD (LED)",260,6
"LG","32""","LCD (LED)",112,5.5
"HISENSE","65""","LCD (LED)",416,5.5
"HISENSE","75""","LCD (LED)",489,6
"HISENSE","85""","LCD (LED)",698,5.5
"HISENSE","100""","LCD (LED)",955,5.5
"KOGAN","85""","LCD (LED)",863,4.5
"SVISION","50""","LCD (LED)",224,6
"ZEN TV","32""","LCD (LED)",134,4.5
"ZEN TV","24""","LCD",81,5
"HISENSE","65""","LCD (LED)",520,4.5
"HISENSE","75""","LCD (LED)",679,4.5
"HISENSE","85""","LCD (LED)",780,5
"LG","75""","LCD (LED)",605,5
"LG","75""","LCD (LED)",605,5
"CHiQ","75""","LCD",532,5.5
"ZEN TV","24""","LCD",90,4.5
"TOSHIBA","65""","LCD (LED)",520,4.5
"TOSHIBA","75""","LCD (LED)",548,5.5
"TOSHIBA","85""","LCD (LED)",666,5.5
"RCA","24""","LCD",90,4.5
"KOGAN","75""","LCD (LED)",542,5.5
"AKAI","40""","LCD (LED)",137,6
"coocaa","40""","LCD (LED)",135,6
"Kogan","65""","LCD (LED)",436,5
"Veon","55""","LCD (LED)",304,5.5
"Kogan","75""","LCD (LED)",531,5.5
"SKYWORTH","40""","LCD (LED)",140,6
"LG","32""","LCD (LED)",112,5.5
"Kogan","55""","LCD (LED)",378,4.5
"Linsar","24""","LCD (LED)",59,6
"Linsar","32""","LCD (LED)",60,8
"CHiQ","40""","LCD (LED)",152,5.5
"CHiQ","32""","LCD (LED)",112,5.5
"CHiQ","65""","LCD (LED)",520,4.5
"CHiQ","65""","LCD (LED)",371,6
"CHiQ","40""","LCD (LED)",148,6
"DGTEC","70""","LCD",397,6
"AIWA","40""","LCD (LED)",152,5.5
"TOSHIBA","55""","LCD (LED)",259,6
"TOSHIBA","65""","LCD (LED)",321,6
"TOSHIBA","75""","LCD (LED)",345,7
"TOSHIBA","85""","LCD (LED)",624,6
"Kogan","55""","LCD (LED)",441,3.5
"Kogan","32""","LCD (LED)",116,5.5
"TCL","98""","LCD (LED)",1350,3.5
"Samsung","65""","LCD (LED)",405,5.5
"Samsung","75""","LCD (LED)",492,5.5
"KOGAN","55""","LCD (LED)",422,4
"KOGAN","65""","LCD (LED)",448,5
"FFALCON","32""","LCD (LED)",130,5
"FFALCON","40""","LCD (LED)",140,6
"Samsung","43""","LCD (LED)",251,4
"Samsung","50""","LCD (LED)",262,5
"Samsung","55""","LCD (LED)",291,5.5
"SKYWORTH","43""","LCD (LED)",212,5
"SKYWORTH","55""","LCD (LED)",260,6
"SKYWORTH","86""","LCD (LED)",730,5
"Samsung","85""","LCD (LED)",536,6
"BAUHN","50""","LCD (LED)",220,6
"HISENSE","50""","LCD (LED)",285,5
"HISENSE","75""","LCD (LED)",489,6
"Samsung","65""","LCD (LED)",416,5.5
"Samsung","75""","LCD (LED)",499,5.5
"Samsung","85""","LCD (LED)",521,6
"HISENSE","55""","LCD (LED)",399,4
"HISENSE","65""","LCD (LED)",439,5
"HISENSE","75""","LCD (LED)",539,5.5
"HISENSE","85""","LCD (LED)",618,6
"HISENSE","100""","LCD (LED)",988,5
"SKYWORTH","75""","LCD (LED)",590,5
"SKYWORTH","65""","LCD (LED)",490,4.5
"Samsung","43""","LCD (LED)",244,4
"Samsung","50""","LCD (LED)",270,5
"Samsung","55""","LCD (LED)",299,5.5
"Samsung","65""","LCD (LED)",379,5.5
"Samsung","75""","LCD (LED)",514,5.5
"Samsung","85""","LCD (LED)",602,6
"CHiQ","43""","LCD (LED)",214,5
"SYLVOX","55""","LCD",300,5.5
"SYLVOX","65""","LCD",390,5.5
"SYLVOX","75""","LCD",495,5.5
"CHiQ","50""","LCD (LED)",265,5
"CHiQ","55""","LCD (LED)",295,5.5
"CHiQ","75""","LCD (LED)",543,5.5
"LG","43""","LCD (LED)",170,6
"LG","50""","LCD (LED)",196,6
"LG","55""","LCD (LED)",200,7
"LG","65""","LCD (LED)",247,7
"Linsar","85""","LCD (LED)",615,6
"SKYWORTH","65""","LCD (LED)",450,5
"AKAI","40""","LCD (LED)",137,6
"AKAI","50""","LCD (LED)",221,6
"Kogan","65""","LCD (LED)",634,3.5
"SKYWORTH","55""","LCD (LED)",304,5.5
"SKYWORTH","43""","LCD (LED)",173,6
"SKYWORTH","65""","LCD (LED)",465,5
"EKO","75""","LCD (LED)",682,4.5
"Kogan","43""","LCD (LED)",269,4
"Samsung","115""","LCD (LED)",1565,4.5
"JVC","42""","LCD (LED)",200,5
"AOA","43""","LCD (LED)",185,5.5
"Samsung","32""","LCD (LED)",134,4.5
"LG","48""","OLED",229,5.5
"LG","48""","OLED",229,5.5
"ENGLAON","65""","LCD (LED)",740,2.5
"ENGLAON","55""","LCD (LED)",530,3
"TOSHIBA","50""","LCD (LED)",228,6
"KOGAN","24""","LCD",83,5
"KOGAN","24""","LCD",83,5
"KOGAN","32""","LCD",131,5
"BLAUPUNKT","24""","LCD (LED)",88,4.5
"SKYWORTH","32""","LCD (LED)",127,5
"Kogan","55""","LCD",427,4
"Kogan","65""","LCD",651,3.5
"coocaa","50""","LCD (LED)",230,5.5
"EKO","43""","LCD (LED)",184,5.5
"TOSHIBA","43""","LCD (LED)",194,5.5
"HISENSE","100""","LCD (LED)",1028,5
"HISENSE","100""","LCD (LED)",1058,5
"HISENSE","116""","LCD (LED)",1148,6
"LG","65""","LCD (LED)",462,5
"HYUNDAI","75""","LCD (LED)",451,6
"coocaa","61""","LCD (LED)",300,6
"LG","55""","LCD (LED)",295,5.5
"Samsung","43""","LCD (LED)",215,5
"Samsung","50""","LCD (LED)",244,5.5
"Kogan","40""","LCD (LED)",167,5.5
"Samsung","55""","LCD (LED)",251,6
"Samsung","65""","LCD (LED)",350,6
"Samsung","75""","LCD (LED)",434,6
"BAUHN","55""","LCD",270,6
"Kogan","50""","LCD (LED)",422,3
"EKO","43""","LCD",196,5
"BAUHN","70""","LCD (LED)",397,6
"Kogan","55""","LCD (LED)",513,3
"Kogan","65""","LCD (LED)",696,3
"Kogan","75""","LCD (LED)",685,4.5
"Kogan","32""","LCD (LED)",116,5.5
"LG","65""","LCD (LED)",389,5.5
"LG","43""","LCD (LED)",240,4.5
"LG","50""","LCD (LED)",251,5.5
"LG","55""","LCD (LED)",349,4.5
"TENET","19""","LCD (LED)",58,5
"SKYWORTH","61""","LCD (LED)",280,6
"JVC","43""","LCD (LED)",163,6
"DGTEC","70""","LCD (LED)",397,6
"LG","43""","LCD (LED)",258,4
"LG","50""","LCD (LED)",305,4.5
"LG","55""","LCD (LED)",338,5
"LG","65""","LCD (LED)",433,5
"LG","43""","LCD (LED)",229,4.5
"BAUHN","75""","LCD",485,6
"LG","50""","LCD (LED)",200,6
"LG","55""","LCD (LED)",203,7
"LG","65""","LCD (LED)",254,7
"BLAUPUNKT","55""","LCD",530,3
"BLAUPUNKT","65""","LCD",640,3.5
"Kogan","43""","LCD (LED)",258,4
"JVC","32""","LCD (LED)",110,5.5
"Kogan","24""","LCD (LED)",94,4.5
"DGTEC","55""","LCD",270,6
"Linsar","70""","LCD (LED)",397,6
"Kogan","50""","LCD (LED)",349,4
"Kogan","70""","LCD",538,5
"digitech","24""","LCD",81,5
"digitech","32""","LCD",130,4.5
"digitech","19""","LCD",56,5.5
"digitech","19""","LCD",81,3.5
"digitech","24""","LCD",94,4.5
"digitech","32""","LCD",92,6
"Samsung","32""","LCD (LED)",116,5.5
"LG","75""","LCD (LED)",539,5.5
"QBELL","70""","LCD (LED)",430,6
"TELEFUNKEN","40""","LCD (LED)",167,5.5
"EKO","40""","LCD (LED)",167,5.5
"LG","43""","LCD (LED)",242,4.5
"LG","50""","LCD (LED)",297,4.5
"LG","55""","LCD (LED)",334,5
"LG","65""","LCD (LED)",422,5
"LG","75""","LCD (LED)",501,5.5
"LG","86""","LCD (LED)",567,6
"Kogan","75""","LCD (LED)",751,4
"LOEWE","55""","OLED",258,6
"LOEWE","65""","OLED",313,6
"LOEWE","55""","OLED",281,5.5
"LOEWE","65""","OLED",360,6
"LOEWE","42""","OLED",192,5
"LOEWE","48""","OLED",214,5.5
"TELEFUNKEN","32""","LCD (LED)",145,4.5
"LOEWE","48""","OLED",225,5.5
"coocaa","65""","LCD (LED)",330,6
"Kogan","24""","LCD (LED)",83,5
